,Time,CAPE
0,2024-05-01T00:00:00+05:45,0.0
1,2024-05-01T01:00:00+05:45,0.0
2,2024-05-01T02:00:00+05:45,20.141663
3,2024-05-01T03:00:00+05:45,14.633408
4,2024-05-01T04:00:00+05:45,27.08017
5,2024-05-01T05:00:00+05:45,63.467407
6,2024-05-01T06:00:00+05:45,50.323273
7,2024-05-01T07:00:00+05:45,31.0027
8,2024-05-01T08:00:00+05:45,12.755533
9,2024-05-01T09:00:00+05:45,4.1785364
10,2024-05-01T10:00:00+05:45,0.87969196
11,2024-05-01T11:00:00+05:45,0.054980747
12,2024-05-01T12:00:00+05:45,3.68371
13,2024-05-01T13:00:00+05:45,1.7593832
14,2024-05-01T14:00:00+05:45,0.65976894
15,2024-05-01T15:00:00+05:45,0.32988447
16,2024-05-01T16:00:00+05:45,0.0
17,2024-05-01T17:00:00+05:45,0.0
18,2024-05-01T18:00:00+05:45,1.0996141
19,2024-05-01T19:00:00+05:45,2.7490368
20,2024-05-01T20:00:00+05:45,3.903633
21,2024-05-01T21:00:00+05:45,4.1785364
22,2024-05-01T22:00:00+05:45,10.676656
23,2024-05-01T23:00:00+05:45,8.267703
24,2024-05-02T00:00:00+05:45,15.162508
25,2024-05-02T01:00:00+05:45,14.168016
26,2024-05-02T02:00:00+05:45,130.49484
27,2024-05-02T03:00:00+05:45,5.480712
28,2024-05-02T04:00:00+05:45,0.0
29,2024-05-02T05:00:00+05:45,0.0
30,2024-05-02T06:00:00+05:45,0.0
31,2024-05-02T07:00:00+05:45,0.0
32,2024-05-02T08:00:00+05:45,0.0
33,2024-05-02T09:00:00+05:45,0.0
34,2024-05-02T10:00:00+05:45,0.0
35,2024-05-02T11:00:00+05:45,0.0
36,2024-05-02T12:00:00+05:45,0.0
37,2024-05-02T13:00:00+05:45,0.0
38,2024-05-02T14:00:00+05:45,0.0
39,2024-05-02T15:00:00+05:45,0.0
40,2024-05-02T16:00:00+05:45,0.0
41,2024-05-02T17:00:00+05:45,0.0
42,2024-05-02T18:00:00+05:45,0.0
43,2024-05-02T19:00:00+05:45,0.0
44,2024-05-02T20:00:00+05:45,0.0
45,2024-05-02T21:00:00+05:45,0.0
46,2024-05-02T22:00:00+05:45,0.0
47,2024-05-02T23:00:00+05:45,0.0
48,2024-05-03T00:00:00+05:45,0.0
49,2024-05-03T01:00:00+05:45,0.0
50,2024-05-03T02:00:00+05:45,0.0
51,2024-05-03T03:00:00+05:45,0.0
52,2024-05-03T04:00:00+05:45,0.0
53,2024-05-03T05:00:00+05:45,0.0
54,2024-05-03T06:00:00+05:45,0.0
55,2024-05-03T07:00:00+05:45,0.0
56,2024-05-03T08:00:00+05:45,0.0
57,2024-05-03T09:00:00+05:45,0.0
58,2024-05-03T10:00:00+05:45,0.0
59,2024-05-03T11:00:00+05:45,0.0
60,2024-05-03T12:00:00+05:45,0.0
61,2024-05-03T13:00:00+05:45,0.0
62,2024-05-03T14:00:00+05:45,0.0
63,2024-05-03T15:00:00+05:45,0.0
64,2024-05-03T16:00:00+05:45,0.0
65,2024-05-03T17:00:00+05:45,0.0
66,2024-05-03T18:00:00+05:45,0.0
67,2024-05-03T19:00:00+05:45,0.0
68,2024-05-03T20:00:00+05:45,0.0
69,2024-05-03T21:00:00+05:45,0.0
70,2024-05-03T22:00:00+05:45,0.0
71,2024-05-03T23:00:00+05:45,0.0
72,2024-05-04T00:00:00+05:45,0.0
73,2024-05-04T01:00:00+05:45,0.0
74,2024-05-04T02:00:00+05:45,0.0
75,2024-05-04T03:00:00+05:45,0.0
76,2024-05-04T04:00:00+05:45,0.0
77,2024-05-04T05:00:00+05:45,0.0
78,2024-05-04T06:00:00+05:45,0.0
79,2024-05-04T07:00:00+05:45,0.0
80,2024-05-04T08:00:00+05:45,0.0
81,2024-05-04T09:00:00+05:45,0.10996145
82,2024-05-04T10:00:00+05:45,0.0
83,2024-05-04T11:00:00+05:45,0.0
84,2024-05-04T12:00:00+05:45,0.0
85,2024-05-04T13:00:00+05:45,0.0
86,2024-05-04T14:00:00+05:45,0.0
87,2024-05-04T15:00:00+05:45,0.0
88,2024-05-04T16:00:00+05:45,0.0
89,2024-05-04T17:00:00+05:45,0.0
90,2024-05-04T18:00:00+05:45,0.0
91,2024-05-04T19:00:00+05:45,0.0
92,2024-05-04T20:00:00+05:45,0.0
93,2024-05-04T21:00:00+05:45,0.0
94,2024-05-04T22:00:00+05:45,0.0
95,2024-05-04T23:00:00+05:45,0.0
96,2024-05-05T00:00:00+05:45,0.0
97,2024-05-05T01:00:00+05:45,0.0
98,2024-05-05T02:00:00+05:45,0.0
99,2024-05-05T03:00:00+05:45,0.0
100,2024-05-05T04:00:00+05:45,0.3000412
101,2024-05-05T05:00:00+05:45,9.421295
102,2024-05-05T06:00:00+05:45,24.213242
103,2024-05-05T07:00:00+05:45,14.212117
104,2024-05-05T08:00:00+05:45,8.1508465
105,2024-05-05T09:00:00+05:45,4.560627
106,2024-05-05T10:00:00+05:45,1.0801477
107,2024-05-05T11:00:00+05:45,0.98965347
108,2024-05-05T12:00:00+05:45,0.5598625
109,2024-05-05T13:00:00+05:45,7.491207
110,2024-05-05T14:00:00+05:45,5.2207174
111,2024-05-05T15:00:00+05:45,1.380189
112,2024-05-05T16:00:00+05:45,0.120016456
113,2024-05-05T17:00:00+05:45,0.0
114,2024-05-05T18:00:00+05:45,0.0
115,2024-05-05T19:00:00+05:45,0.0
116,2024-05-05T20:00:00+05:45,0.0
117,2024-05-05T21:00:00+05:45,0.0
118,2024-05-05T22:00:00+05:45,0.0
119,2024-05-05T23:00:00+05:45,1.560214
120,2024-05-06T00:00:00+05:45,0.0
121,2024-05-06T01:00:00+05:45,0.0
122,2024-05-06T02:00:00+05:45,3.4804783
123,2024-05-06T03:00:00+05:45,36.485016
124,2024-05-06T04:00:00+05:45,107.3349
125,2024-05-06T05:00:00+05:45,248.08902
126,2024-05-06T06:00:00+05:45,93.192
127,2024-05-06T07:00:00+05:45,236.39415
128,2024-05-06T08:00:00+05:45,103.04227
129,2024-05-06T09:00:00+05:45,48.42665
130,2024-05-06T10:00:00+05:45,55.447617
131,2024-05-06T11:00:00+05:45,62.34874
132,2024-05-06T12:00:00+05:45,62.509262
133,2024-05-06T13:00:00+05:45,69.54956
134,2024-05-06T14:00:00+05:45,97.00429
135,2024-05-06T15:00:00+05:45,116.329575
136,2024-05-06T16:00:00+05:45,160.40456
137,2024-05-06T17:00:00+05:45,211.31374
138,2024-05-06T18:00:00+05:45,269.4602
139,2024-05-06T19:00:00+05:45,292.42603
140,2024-05-06T20:00:00+05:45,271.01636
141,2024-05-06T21:00:00+05:45,276.68066
142,2024-05-06T22:00:00+05:45,341.99658
143,2024-05-06T23:00:00+05:45,324.64014
144,2024-05-07T00:00:00+05:45,268.75415
145,2024-05-07T01:00:00+05:45,385.0332
146,2024-05-07T02:00:00+05:45,327.1682
147,2024-05-07T03:00:00+05:45,193.93152
148,2024-05-07T04:00:00+05:45,256.41675
149,2024-05-07T05:00:00+05:45,469.3352
150,2024-05-07T06:00:00+05:45,497.26294
151,2024-05-07T07:00:00+05:45,748.8701
152,2024-05-07T08:00:00+05:45,733.84155
153,2024-05-07T09:00:00+05:45,908.98804
154,2024-05-07T10:00:00+05:45,665.302
155,2024-05-07T11:00:00+05:45,465.72266
156,2024-05-07T12:00:00+05:45,301.28076
157,2024-05-07T13:00:00+05:45,289.75073
158,2024-05-07T14:00:00+05:45,256.3794
159,2024-05-07T15:00:00+05:45,208.8084
160,2024-05-07T16:00:00+05:45,222.6483
161,2024-05-07T17:00:00+05:45,280.31543
162,2024-05-07T18:00:00+05:45,160.90497
163,2024-05-07T19:00:00+05:45,262.63208
164,2024-05-07T20:00:00+05:45,205.20145
165,2024-05-07T21:00:00+05:45,190.24553
166,2024-05-07T22:00:00+05:45,82.82892
167,2024-05-07T23:00:00+05:45,70.62077
168,2024-05-08T00:00:00+05:45,64.62358
169,2024-05-08T01:00:00+05:45,110.73114
170,2024-05-08T02:00:00+05:45,312.333
171,2024-05-08T03:00:00+05:45,388.2478
172,2024-05-08T04:00:00+05:45,544.624
173,2024-05-08T05:00:00+05:45,393.05713
174,2024-05-08T06:00:00+05:45,278.8081
175,2024-05-08T07:00:00+05:45,411.02393
176,2024-05-08T08:00:00+05:45,326.6267
177,2024-05-08T09:00:00+05:45,520.334
178,2024-05-08T10:00:00+05:45,350.82812
179,2024-05-08T11:00:00+05:45,316.72217
180,2024-05-08T12:00:00+05:45,308.06592
181,2024-05-08T13:00:00+05:45,254.65736
182,2024-05-08T14:00:00+05:45,213.33641
183,2024-05-08T15:00:00+05:45,151.82115
184,2024-05-08T16:00:00+05:45,120.56673
185,2024-05-08T17:00:00+05:45,112.60455
186,2024-05-08T18:00:00+05:45,109.96066
187,2024-05-08T19:00:00+05:45,98.4655
188,2024-05-08T20:00:00+05:45,78.56409
189,2024-05-08T21:00:00+05:45,40.698776
190,2024-05-08T22:00:00+05:45,200.5471
191,2024-05-08T23:00:00+05:45,93.89995
192,2024-05-09T00:00:00+05:45,60.2576
193,2024-05-09T01:00:00+05:45,115.07318
194,2024-05-09T02:00:00+05:45,165.45436
195,2024-05-09T03:00:00+05:45,301.55884
196,2024-05-09T04:00:00+05:45,274.417
197,2024-05-09T05:00:00+05:45,175.22229
198,2024-05-09T06:00:00+05:45,187.16376
199,2024-05-09T07:00:00+05:45,212.82402
200,2024-05-09T08:00:00+05:45,334.81323
201,2024-05-09T09:00:00+05:45,320.97144
202,2024-05-09T10:00:00+05:45,33.10025
203,2024-05-09T11:00:00+05:45,1.6795874
204,2024-05-09T12:00:00+05:45,18.422531
205,2024-05-09T13:00:00+05:45,46.126434
206,2024-05-09T14:00:00+05:45,82.81224
207,2024-05-09T15:00:00+05:45,116.67894
208,2024-05-09T16:00:00+05:45,126.16321
209,2024-05-09T17:00:00+05:45,69.13022
210,2024-05-09T18:00:00+05:45,52.31398
211,2024-05-09T19:00:00+05:45,37.71666
212,2024-05-09T20:00:00+05:45,48.61026
213,2024-05-09T21:00:00+05:45,22.068848
214,2024-05-09T22:00:00+05:45,5.7515316
215,2024-05-09T23:00:00+05:45,1.8703814
216,2024-05-10T00:00:00+05:45,0.72984594
217,2024-05-10T01:00:00+05:45,3.5324469
218,2024-05-10T02:00:00+05:45,75.152054
219,2024-05-10T03:00:00+05:45,29.03212
220,2024-05-10T04:00:00+05:45,24.193558
221,2024-05-10T05:00:00+05:45,25.34671
222,2024-05-10T06:00:00+05:45,59.48314
223,2024-05-10T07:00:00+05:45,102.278946
224,2024-05-10T08:00:00+05:45,143.15659
225,2024-05-10T09:00:00+05:45,170.43071
226,2024-05-10T10:00:00+05:45,66.899
227,2024-05-10T11:00:00+05:45,93.958435
228,2024-05-10T12:00:00+05:45,101.77812
229,2024-05-10T13:00:00+05:45,104.80003
230,2024-05-10T14:00:00+05:45,95.28804
231,2024-05-10T15:00:00+05:45,96.316574
232,2024-05-10T16:00:00+05:45,102.03642
233,2024-05-10T17:00:00+05:45,110.98761
234,2024-05-10T18:00:00+05:45,116.99963
235,2024-05-10T19:00:00+05:45,127.55058
236,2024-05-10T20:00:00+05:45,141.25145
237,2024-05-10T21:00:00+05:45,134.05853
238,2024-05-10T22:00:00+05:45,203.31079
239,2024-05-10T23:00:00+05:45,233.17708
240,2024-05-11T00:00:00+05:45,156.70038
241,2024-05-11T01:00:00+05:45,105.24841
242,2024-05-11T02:00:00+05:45,98.35927
243,2024-05-11T03:00:00+05:45,79.28874
244,2024-05-11T04:00:00+05:45,94.34335
245,2024-05-11T05:00:00+05:45,112.65674
246,2024-05-11T06:00:00+05:45,166.86325
247,2024-05-11T07:00:00+05:45,330.3042
248,2024-05-11T08:00:00+05:45,339.19287
249,2024-05-11T09:00:00+05:45,177.45712
250,2024-05-11T10:00:00+05:45,774.40967
251,2024-05-11T11:00:00+05:45,824.2434
252,2024-05-11T12:00:00+05:45,845.0925
253,2024-05-11T13:00:00+05:45,861.093
254,2024-05-11T14:00:00+05:45,924.2988
255,2024-05-11T15:00:00+05:45,1132.5542
256,2024-05-11T16:00:00+05:45,997.90283
257,2024-05-11T17:00:00+05:45,960.0957
258,2024-05-11T18:00:00+05:45,766.5957
259,2024-05-11T19:00:00+05:45,974.6045
260,2024-05-11T20:00:00+05:45,874.4226
261,2024-05-11T21:00:00+05:45,947.9263
262,2024-05-11T22:00:00+05:45,237.58109
263,2024-05-11T23:00:00+05:45,166.15623
264,2024-05-12T00:00:00+05:45,86.70969
265,2024-05-12T01:00:00+05:45,65.39366
266,2024-05-12T02:00:00+05:45,72.647
267,2024-05-12T03:00:00+05:45,84.60144
268,2024-05-12T04:00:00+05:45,220.77531
269,2024-05-12T05:00:00+05:45,314.2434
270,2024-05-12T06:00:00+05:45,364.41553
271,2024-05-12T07:00:00+05:45,610.23486
272,2024-05-12T08:00:00+05:45,516.34546
273,2024-05-12T09:00:00+05:45,329.51025
274,2024-05-12T10:00:00+05:45,236.09204
275,2024-05-12T11:00:00+05:45,256.97388
276,2024-05-12T12:00:00+05:45,158.72835
277,2024-05-12T13:00:00+05:45,154.47153
278,2024-05-12T14:00:00+05:45,117.13948
279,2024-05-12T15:00:00+05:45,118.83084
280,2024-05-12T16:00:00+05:45,153.96812
281,2024-05-12T17:00:00+05:45,167.5709
282,2024-05-12T18:00:00+05:45,155.1471
283,2024-05-12T19:00:00+05:45,176.58052
284,2024-05-12T20:00:00+05:45,129.81848
285,2024-05-12T21:00:00+05:45,125.96759
286,2024-05-12T22:00:00+05:45,88.40236
287,2024-05-12T23:00:00+05:45,104.438965
288,2024-05-13T00:00:00+05:45,58.27887
289,2024-05-13T01:00:00+05:45,67.28555
290,2024-05-13T02:00:00+05:45,62.26381
291,2024-05-13T03:00:00+05:45,237.35135
292,2024-05-13T04:00:00+05:45,628.33594
293,2024-05-13T05:00:00+05:45,348.04492
294,2024-05-13T06:00:00+05:45,434.89014
295,2024-05-13T07:00:00+05:45,356.48755
296,2024-05-13T08:00:00+05:45,497.98193
297,2024-05-13T09:00:00+05:45,474.50024
298,2024-05-13T10:00:00+05:45,361.72583
299,2024-05-13T11:00:00+05:45,467.5027
300,2024-05-13T12:00:00+05:45,262.2793
301,2024-05-13T13:00:00+05:45,228.23947
302,2024-05-13T14:00:00+05:45,210.91841
303,2024-05-13T15:00:00+05:45,268.91455
304,2024-05-13T16:00:00+05:45,426.3921
305,2024-05-13T17:00:00+05:45,521.291
306,2024-05-13T18:00:00+05:45,426.70166
307,2024-05-13T19:00:00+05:45,444.0974
308,2024-05-13T20:00:00+05:45,425.13037
309,2024-05-13T21:00:00+05:45,379.42725
310,2024-05-13T22:00:00+05:45,678.2637
311,2024-05-13T23:00:00+05:45,454.25342
312,2024-05-14T00:00:00+05:45,260.12476
313,2024-05-14T01:00:00+05:45,140.61095
314,2024-05-14T02:00:00+05:45,156.82909
315,2024-05-14T03:00:00+05:45,172.84254
316,2024-05-14T04:00:00+05:45,206.29956
317,2024-05-14T05:00:00+05:45,338.99487
318,2024-05-14T06:00:00+05:45,620.8179
319,2024-05-14T07:00:00+05:45,846.74854
320,2024-05-14T08:00:00+05:45,880.7019
321,2024-05-14T09:00:00+05:45,945.9529
322,2024-05-14T10:00:00+05:45,603.63794
323,2024-05-14T11:00:00+05:45,628.9817
324,2024-05-14T12:00:00+05:45,637.35547
325,2024-05-14T13:00:00+05:45,618.8047
326,2024-05-14T14:00:00+05:45,591.7246
327,2024-05-14T15:00:00+05:45,637.82104
328,2024-05-14T16:00:00+05:45,710.2781
329,2024-05-14T17:00:00+05:45,733.59204
330,2024-05-14T18:00:00+05:45,762.6443
331,2024-05-14T19:00:00+05:45,746.77
332,2024-05-14T20:00:00+05:45,681.5222
333,2024-05-14T21:00:00+05:45,592.56177
334,2024-05-14T22:00:00+05:45,1248.0693
335,2024-05-14T23:00:00+05:45,1201.9412
336,2024-05-15T00:00:00+05:45,1051.5132
337,2024-05-15T01:00:00+05:45,956.7312
338,2024-05-15T02:00:00+05:45,1135.5815
339,2024-05-15T03:00:00+05:45,1108.0305
340,2024-05-15T04:00:00+05:45,1262.0627
341,2024-05-15T05:00:00+05:45,1287.5144
342,2024-05-15T06:00:00+05:45,1349.8638
343,2024-05-15T07:00:00+05:45,1211.0212
344,2024-05-15T08:00:00+05:45,1395.8594
345,2024-05-15T09:00:00+05:45,980.83374
346,2024-05-15T10:00:00+05:45,1374.9038
347,2024-05-15T11:00:00+05:45,1008.1909
348,2024-05-15T12:00:00+05:45,827.42236
349,2024-05-15T13:00:00+05:45,869.91235
350,2024-05-15T14:00:00+05:45,756.7549
351,2024-05-15T15:00:00+05:45,591.8574
352,2024-05-15T16:00:00+05:45,506.2932
353,2024-05-15T17:00:00+05:45,446.14502
354,2024-05-15T18:00:00+05:45,430.07324
355,2024-05-15T19:00:00+05:45,379.36304
356,2024-05-15T20:00:00+05:45,300.94287
357,2024-05-15T21:00:00+05:45,265.25195
358,2024-05-15T22:00:00+05:45,626.9939
359,2024-05-15T23:00:00+05:45,770.8967
360,2024-05-16T00:00:00+05:45,761.52026
361,2024-05-16T01:00:00+05:45,625.6824
362,2024-05-16T02:00:00+05:45,543.5867
363,2024-05-16T03:00:00+05:45,508.18848
364,2024-05-16T04:00:00+05:45,626.7766
365,2024-05-16T05:00:00+05:45,601.6013
366,2024-05-16T06:00:00+05:45,641.9426
367,2024-05-16T07:00:00+05:45,516.8286
368,2024-05-16T08:00:00+05:45,267.8794
369,2024-05-16T09:00:00+05:45,55.15628
370,2024-05-16T10:00:00+05:45,49.92575
371,2024-05-16T11:00:00+05:45,9.896535
372,2024-05-16T12:00:00+05:45,9.291746
373,2024-05-16T13:00:00+05:45,13.690207
374,2024-05-16T14:00:00+05:45,11.216072
375,2024-05-16T15:00:00+05:45,10.501323
376,2024-05-16T16:00:00+05:45,10.886188
377,2024-05-16T17:00:00+05:45,9.621631
378,2024-05-16T18:00:00+05:45,7.6423235
379,2024-05-16T19:00:00+05:45,5.368325
380,2024-05-16T20:00:00+05:45,6.5691338
381,2024-05-16T21:00:00+05:45,8.450143
382,2024-05-16T22:00:00+05:45,95.99745
383,2024-05-16T23:00:00+05:45,91.67384
384,2024-05-17T00:00:00+05:45,62.13736
385,2024-05-17T01:00:00+05:45,42.896347
386,2024-05-17T02:00:00+05:45,218.37486
387,2024-05-17T03:00:00+05:45,72.722336
388,2024-05-17T04:00:00+05:45,37.618164
389,2024-05-17T05:00:00+05:45,4.800659
390,2024-05-17T06:00:00+05:45,0.0
391,2024-05-17T07:00:00+05:45,0.0
392,2024-05-17T08:00:00+05:45,0.0
393,2024-05-17T09:00:00+05:45,0.0
394,2024-05-17T10:00:00+05:45,3.4204254
395,2024-05-17T11:00:00+05:45,5.3407335
396,2024-05-17T12:00:00+05:45,6.6696835
397,2024-05-17T13:00:00+05:45,21.016678
398,2024-05-17T14:00:00+05:45,16.702072
399,2024-05-17T15:00:00+05:45,13.861905
400,2024-05-17T16:00:00+05:45,12.421707
401,2024-05-17T17:00:00+05:45,10.921501
402,2024-05-17T18:00:00+05:45,7.501031
403,2024-05-17T19:00:00+05:45,4.680643
404,2024-05-17T20:00:00+05:45,10.295313
405,2024-05-17T21:00:00+05:45,8.639678
406,2024-05-17T22:00:00+05:45,6.7809315
407,2024-05-17T23:00:00+05:45,14.04193
408,2024-05-18T00:00:00+05:45,21.36293
409,2024-05-18T01:00:00+05:45,24.423355
410,2024-05-18T02:00:00+05:45,198.47011
411,2024-05-18T03:00:00+05:45,102.01402
412,2024-05-18T04:00:00+05:45,38.355392
413,2024-05-18T05:00:00+05:45,12.701787
414,2024-05-18T06:00:00+05:45,30.227478
415,2024-05-18T07:00:00+05:45,28.782486
416,2024-05-18T08:00:00+05:45,25.571213
417,2024-05-18T09:00:00+05:45,15.753812
418,2024-05-18T10:00:00+05:45,111.68848
419,2024-05-18T11:00:00+05:45,73.03612
420,2024-05-18T12:00:00+05:45,174.16586
421,2024-05-18T13:00:00+05:45,274.81714
422,2024-05-18T14:00:00+05:45,226.81871
423,2024-05-18T15:00:00+05:45,257.8296
424,2024-05-18T16:00:00+05:45,365.63892
425,2024-05-18T17:00:00+05:45,361.17017
426,2024-05-18T18:00:00+05:45,285.58887
427,2024-05-18T19:00:00+05:45,242.85918
428,2024-05-18T20:00:00+05:45,239.60225
429,2024-05-18T21:00:00+05:45,283.92285
430,2024-05-18T22:00:00+05:45,268.86084
431,2024-05-18T23:00:00+05:45,246.76671
432,2024-05-19T00:00:00+05:45,180.02708
433,2024-05-19T01:00:00+05:45,146.18094
434,2024-05-19T02:00:00+05:45,294.18604
435,2024-05-19T03:00:00+05:45,214.28879
436,2024-05-19T04:00:00+05:45,509.28198
437,2024-05-19T05:00:00+05:45,791.80615
438,2024-05-19T06:00:00+05:45,1025.1709
439,2024-05-19T07:00:00+05:45,1242.3745
440,2024-05-19T08:00:00+05:45,1332.5342
441,2024-05-19T09:00:00+05:45,1362.3162
442,2024-05-19T10:00:00+05:45,764.13525
443,2024-05-19T11:00:00+05:45,732.5415
444,2024-05-19T12:00:00+05:45,731.26733
445,2024-05-19T13:00:00+05:45,594.073
446,2024-05-19T14:00:00+05:45,654.9487
447,2024-05-19T15:00:00+05:45,607.71313
448,2024-05-19T16:00:00+05:45,516.65015
449,2024-05-19T17:00:00+05:45,529.03125
450,2024-05-19T18:00:00+05:45,478.78442
451,2024-05-19T19:00:00+05:45,397.87012
452,2024-05-19T20:00:00+05:45,340.4973
453,2024-05-19T21:00:00+05:45,317.885
454,2024-05-19T22:00:00+05:45,336.09424
455,2024-05-19T23:00:00+05:45,344.02344
456,2024-05-20T00:00:00+05:45,96.76764
457,2024-05-20T01:00:00+05:45,49.859573
458,2024-05-20T02:00:00+05:45,205.84293
459,2024-05-20T03:00:00+05:45,300.36597
460,2024-05-20T04:00:00+05:45,361.00854
461,2024-05-20T05:00:00+05:45,781.9192
462,2024-05-20T06:00:00+05:45,615.95776
463,2024-05-20T07:00:00+05:45,505.38354
464,2024-05-20T08:00:00+05:45,371.84058
465,2024-05-20T09:00:00+05:45,292.34717
466,2024-05-20T10:00:00+05:45,73.77167
467,2024-05-20T11:00:00+05:45,108.93051
468,2024-05-20T12:00:00+05:45,81.37796
469,2024-05-20T13:00:00+05:45,38.22693
470,2024-05-20T14:00:00+05:45,34.931442
471,2024-05-20T15:00:00+05:45,30.906143
472,2024-05-20T16:00:00+05:45,55.686264
473,2024-05-20T17:00:00+05:45,75.3642
474,2024-05-20T18:00:00+05:45,80.22374
475,2024-05-20T19:00:00+05:45,59.874435
476,2024-05-20T20:00:00+05:45,34.68962
477,2024-05-20T21:00:00+05:45,31.55841
478,2024-05-20T22:00:00+05:45,105.897095
479,2024-05-20T23:00:00+05:45,122.80086
480,2024-05-21T00:00:00+05:45,62.628525
481,2024-05-21T01:00:00+05:45,77.062225
482,2024-05-21T02:00:00+05:45,188.0337
483,2024-05-21T03:00:00+05:45,189.42427
484,2024-05-21T04:00:00+05:45,327.8518
485,2024-05-21T05:00:00+05:45,428.74658
486,2024-05-21T06:00:00+05:45,504.01
487,2024-05-21T07:00:00+05:45,352.46826
488,2024-05-21T08:00:00+05:45,238.85913
489,2024-05-21T09:00:00+05:45,630.7915
490,2024-05-21T10:00:00+05:45,415.20825
491,2024-05-21T11:00:00+05:45,553.61304
492,2024-05-21T12:00:00+05:45,683.5835
493,2024-05-21T13:00:00+05:45,617.323
494,2024-05-21T14:00:00+05:45,621.9929
495,2024-05-21T15:00:00+05:45,586.9385
496,2024-05-21T16:00:00+05:45,591.3887
497,2024-05-21T17:00:00+05:45,739.18604
498,2024-05-21T18:00:00+05:45,923.2173
499,2024-05-21T19:00:00+05:45,598.9724
500,2024-05-21T20:00:00+05:45,588.2461
501,2024-05-21T21:00:00+05:45,518.9541
502,2024-05-21T22:00:00+05:45,952.261
503,2024-05-21T23:00:00+05:45,601.14355
504,2024-05-22T00:00:00+05:45,456.93066
505,2024-05-22T01:00:00+05:45,376.22656
506,2024-05-22T02:00:00+05:45,288.13477
507,2024-05-22T03:00:00+05:45,231.12013
508,2024-05-22T04:00:00+05:45,287.76172
509,2024-05-22T05:00:00+05:45,483.45923
510,2024-05-22T06:00:00+05:45,720.343
511,2024-05-22T07:00:00+05:45,330.07715
512,2024-05-22T08:00:00+05:45,363.03198
513,2024-05-22T09:00:00+05:45,418.49
514,2024-05-22T10:00:00+05:45,343.9707
515,2024-05-22T11:00:00+05:45,489.3689
516,2024-05-22T12:00:00+05:45,493.9751
517,2024-05-22T13:00:00+05:45,464.7981
518,2024-05-22T14:00:00+05:45,502.95215
519,2024-05-22T15:00:00+05:45,537.7986
520,2024-05-22T16:00:00+05:45,540.584
521,2024-05-22T17:00:00+05:45,607.9209
522,2024-05-22T18:00:00+05:45,735.4595
523,2024-05-22T19:00:00+05:45,813.6294
524,2024-05-22T20:00:00+05:45,762.74097
525,2024-05-22T21:00:00+05:45,656.08936
526,2024-05-22T22:00:00+05:45,509.93896
527,2024-05-22T23:00:00+05:45,508.35474
528,2024-05-23T00:00:00+05:45,462.04224
529,2024-05-23T01:00:00+05:45,462.1311
530,2024-05-23T02:00:00+05:45,616.4685
531,2024-05-23T03:00:00+05:45,635.1084
532,2024-05-23T04:00:00+05:45,305.38013
533,2024-05-23T05:00:00+05:45,103.654205
534,2024-05-23T06:00:00+05:45,86.836044
535,2024-05-23T07:00:00+05:45,39.33882
536,2024-05-23T08:00:00+05:45,40.75708
537,2024-05-23T09:00:00+05:45,69.47885
538,2024-05-23T10:00:00+05:45,46.434402
539,2024-05-23T11:00:00+05:45,55.888535
540,2024-05-23T12:00:00+05:45,91.406296
541,2024-05-23T13:00:00+05:45,95.70822
542,2024-05-23T14:00:00+05:45,67.73259
543,2024-05-23T15:00:00+05:45,45.49408
544,2024-05-23T16:00:00+05:45,23.021332
545,2024-05-23T17:00:00+05:45,14.875615
546,2024-05-23T18:00:00+05:45,22.065552
547,2024-05-23T19:00:00+05:45,44.297882
548,2024-05-23T20:00:00+05:45,72.34308
549,2024-05-23T21:00:00+05:45,96.40744
550,2024-05-23T22:00:00+05:45,350.12964
551,2024-05-23T23:00:00+05:45,447.2732
552,2024-05-24T00:00:00+05:45,489.11743
553,2024-05-24T01:00:00+05:45,412.69653
554,2024-05-24T02:00:00+05:45,311.5017
555,2024-05-24T03:00:00+05:45,233.45935
556,2024-05-24T04:00:00+05:45,236.58817
557,2024-05-24T05:00:00+05:45,187.12411
558,2024-05-24T06:00:00+05:45,126.45604
559,2024-05-24T07:00:00+05:45,95.91673
560,2024-05-24T08:00:00+05:45,69.56673
561,2024-05-24T09:00:00+05:45,78.67517
562,2024-05-24T10:00:00+05:45,53.193634
563,2024-05-24T11:00:00+05:45,58.554337
564,2024-05-24T12:00:00+05:45,77.5229
565,2024-05-24T13:00:00+05:45,122.58099
566,2024-05-24T14:00:00+05:45,115.735016
567,2024-05-24T15:00:00+05:45,109.0018
568,2024-05-24T16:00:00+05:45,127.46263
569,2024-05-24T17:00:00+05:45,151.85132
570,2024-05-24T18:00:00+05:45,183.5277
571,2024-05-24T19:00:00+05:45,210.85313
572,2024-05-24T20:00:00+05:45,203.78517
573,2024-05-24T21:00:00+05:45,176.60468
574,2024-05-24T22:00:00+05:45,359.66992
575,2024-05-24T23:00:00+05:45,369.71167
576,2024-05-25T00:00:00+05:45,319.7439
577,2024-05-25T01:00:00+05:45,196.79646
578,2024-05-25T02:00:00+05:45,219.15028
579,2024-05-25T03:00:00+05:45,208.93459
580,2024-05-25T04:00:00+05:45,246.34747
581,2024-05-25T05:00:00+05:45,346.3877
582,2024-05-25T06:00:00+05:45,525.1599
583,2024-05-25T07:00:00+05:45,544.3838
584,2024-05-25T08:00:00+05:45,937.1987
585,2024-05-25T09:00:00+05:45,1075.4641
586,2024-05-25T10:00:00+05:45,855.7041
587,2024-05-25T11:00:00+05:45,822.3882
588,2024-05-25T12:00:00+05:45,635.76733
589,2024-05-25T13:00:00+05:45,749.0154
590,2024-05-25T14:00:00+05:45,558.9553
591,2024-05-25T15:00:00+05:45,567.3447
592,2024-05-25T16:00:00+05:45,484.77905
593,2024-05-25T17:00:00+05:45,432.97095
594,2024-05-25T18:00:00+05:45,392.05493
595,2024-05-25T19:00:00+05:45,308.81104
596,2024-05-25T20:00:00+05:45,198.7294
597,2024-05-25T21:00:00+05:45,148.17133
598,2024-05-25T22:00:00+05:45,449.72876
599,2024-05-25T23:00:00+05:45,371.40674
600,2024-05-26T00:00:00+05:45,335.01636
601,2024-05-26T01:00:00+05:45,328.1189
602,2024-05-26T02:00:00+05:45,211.90132
603,2024-05-26T03:00:00+05:45,121.97591
604,2024-05-26T04:00:00+05:45,247.04071
605,2024-05-26T05:00:00+05:45,359.9756
606,2024-05-26T06:00:00+05:45,521.19946
607,2024-05-26T07:00:00+05:45,910.32153
608,2024-05-26T08:00:00+05:45,794.7744
609,2024-05-26T09:00:00+05:45,760.4956
610,2024-05-26T10:00:00+05:45,904.3635
611,2024-05-26T11:00:00+05:45,444.3086
612,2024-05-26T12:00:00+05:45,277.8994
613,2024-05-26T13:00:00+05:45,314.78052
614,2024-05-26T14:00:00+05:45,314.20166
615,2024-05-26T15:00:00+05:45,436.48657
616,2024-05-26T16:00:00+05:45,504.72144
617,2024-05-26T17:00:00+05:45,564.64404
618,2024-05-26T18:00:00+05:45,610.0869
619,2024-05-26T19:00:00+05:45,681.55273
620,2024-05-26T20:00:00+05:45,715.6958
621,2024-05-26T21:00:00+05:45,682.4209
622,2024-05-26T22:00:00+05:45,1364.0298
623,2024-05-26T23:00:00+05:45,1323.5088
624,2024-05-27T00:00:00+05:45,1038.4519
625,2024-05-27T01:00:00+05:45,685.9866
626,2024-05-27T02:00:00+05:45,654.23486
627,2024-05-27T03:00:00+05:45,542.2234
628,2024-05-27T04:00:00+05:45,623.6948
629,2024-05-27T05:00:00+05:45,714.4309
630,2024-05-27T06:00:00+05:45,1062.4573
631,2024-05-27T07:00:00+05:45,1148.7549
632,2024-05-27T08:00:00+05:45,1400.2334
633,2024-05-27T09:00:00+05:45,1381.5679
634,2024-05-27T10:00:00+05:45,362.92773
635,2024-05-27T11:00:00+05:45,449.28223
636,2024-05-27T12:00:00+05:45,432.21167
637,2024-05-27T13:00:00+05:45,384.45947
638,2024-05-27T14:00:00+05:45,345.69775
639,2024-05-27T15:00:00+05:45,275.70508
640,2024-05-27T16:00:00+05:45,259.0735
641,2024-05-27T17:00:00+05:45,284.90747
642,2024-05-27T18:00:00+05:45,275.44287
643,2024-05-27T19:00:00+05:45,232.2009
644,2024-05-27T20:00:00+05:45,187.97905
645,2024-05-27T21:00:00+05:45,142.55539
646,2024-05-27T22:00:00+05:45,209.42392
647,2024-05-27T23:00:00+05:45,217.24368
648,2024-05-28T00:00:00+05:45,325.4712
649,2024-05-28T01:00:00+05:45,364.49268
650,2024-05-28T02:00:00+05:45,342.35864
651,2024-05-28T03:00:00+05:45,397.25464
652,2024-05-28T04:00:00+05:45,567.7866
653,2024-05-28T05:00:00+05:45,665.60815
654,2024-05-28T06:00:00+05:45,873.79395
655,2024-05-28T07:00:00+05:45,674.5244
656,2024-05-28T08:00:00+05:45,477.0503
657,2024-05-28T09:00:00+05:45,416.6538
658,2024-05-28T10:00:00+05:45,258.636
659,2024-05-28T11:00:00+05:45,218.80011
660,2024-05-28T12:00:00+05:45,283.81714
661,2024-05-28T13:00:00+05:45,297.8645
662,2024-05-28T14:00:00+05:45,357.30493
663,2024-05-28T15:00:00+05:45,371.87573
664,2024-05-28T16:00:00+05:45,373.92358
665,2024-05-28T17:00:00+05:45,320.2417
666,2024-05-28T18:00:00+05:45,289.79126
667,2024-05-28T19:00:00+05:45,269.34668
668,2024-05-28T20:00:00+05:45,214.19283
669,2024-05-28T21:00:00+05:45,173.20592
670,2024-05-28T22:00:00+05:45,480.34692
671,2024-05-28T23:00:00+05:45,544.64575
672,2024-05-29T00:00:00+05:45,639.8176
673,2024-05-29T01:00:00+05:45,645.5984
674,2024-05-29T02:00:00+05:45,627.9287
675,2024-05-29T03:00:00+05:45,520.6428
676,2024-05-29T04:00:00+05:45,230.94133
677,2024-05-29T05:00:00+05:45,84.745056
678,2024-05-29T06:00:00+05:45,59.6315
679,2024-05-29T07:00:00+05:45,36.390182
680,2024-05-29T08:00:00+05:45,38.85733
681,2024-05-29T09:00:00+05:45,42.796677
682,2024-05-29T10:00:00+05:45,29.076065
683,2024-05-29T11:00:00+05:45,53.921707
684,2024-05-29T12:00:00+05:45,71.210434
685,2024-05-29T13:00:00+05:45,132.55688
686,2024-05-29T14:00:00+05:45,130.52881
687,2024-05-29T15:00:00+05:45,118.22269
688,2024-05-29T16:00:00+05:45,83.8974
689,2024-05-29T17:00:00+05:45,61.84842
690,2024-05-29T18:00:00+05:45,20.978806
691,2024-05-29T19:00:00+05:45,13.179466
692,2024-05-29T20:00:00+05:45,18.510147
693,2024-05-29T21:00:00+05:45,23.969604
694,2024-05-29T22:00:00+05:45,235.88216
695,2024-05-29T23:00:00+05:45,336.6399
696,2024-05-30T00:00:00+05:45,374.80786
697,2024-05-30T01:00:00+05:45,320.97046
698,2024-05-30T02:00:00+05:45,336.98804
699,2024-05-30T03:00:00+05:45,320.00342
700,2024-05-30T04:00:00+05:45,199.74934
701,2024-05-30T05:00:00+05:45,222.47293
702,2024-05-30T06:00:00+05:45,298.01245
703,2024-05-30T07:00:00+05:45,523.053
704,2024-05-30T08:00:00+05:45,649.9673
705,2024-05-30T09:00:00+05:45,652.3069
706,2024-05-30T10:00:00+05:45,578.1897
707,2024-05-30T11:00:00+05:45,303.61426
708,2024-05-30T12:00:00+05:45,222.31853
709,2024-05-30T13:00:00+05:45,448.9231
710,2024-05-30T14:00:00+05:45,714.0818
711,2024-05-30T15:00:00+05:45,1134.6396
712,2024-05-30T16:00:00+05:45,809.1958
713,2024-05-30T17:00:00+05:45,1022.4021
714,2024-05-30T18:00:00+05:45,659.104
715,2024-05-30T19:00:00+05:45,635.2883
716,2024-05-30T20:00:00+05:45,626.3479
717,2024-05-30T21:00:00+05:45,628.7085
718,2024-05-30T22:00:00+05:45,250.40718
719,2024-05-30T23:00:00+05:45,287.79126
720,2024-05-31T00:00:00+05:45,264.37598
721,2024-05-31T01:00:00+05:45,332.97412
722,2024-05-31T02:00:00+05:45,444.78442
723,2024-05-31T03:00:00+05:45,423.82788
724,2024-05-31T04:00:00+05:45,374.97827
725,2024-05-31T05:00:00+05:45,358.42798
726,2024-05-31T06:00:00+05:45,486.80713
727,2024-05-31T07:00:00+05:45,527.511
728,2024-05-31T08:00:00+05:45,502.64795
729,2024-05-31T09:00:00+05:45,658.0469
730,2024-05-31T10:00:00+05:45,475.93774
731,2024-05-31T11:00:00+05:45,665.9177
732,2024-05-31T12:00:00+05:45,318.0796
733,2024-05-31T13:00:00+05:45,427.15723
734,2024-05-31T14:00:00+05:45,448.51855
735,2024-05-31T15:00:00+05:45,481.44263
736,2024-05-31T16:00:00+05:45,503.4077
737,2024-05-31T17:00:00+05:45,504.54688
738,2024-05-31T18:00:00+05:45,526.35547
739,2024-05-31T19:00:00+05:45,580.4263
740,2024-05-31T20:00:00+05:45,531.1299
741,2024-05-31T21:00:00+05:45,443.9226
742,2024-05-31T22:00:00+05:45,697.4177
743,2024-05-31T23:00:00+05:45,615.7947
744,2024-06-01T00:00:00+05:45,522.9331
745,2024-06-01T01:00:00+05:45,678.12085
746,2024-06-01T02:00:00+05:45,717.3147
747,2024-06-01T03:00:00+05:45,680.94824
748,2024-06-01T04:00:00+05:45,817.6665
749,2024-06-01T05:00:00+05:45,899.7256
750,2024-06-01T06:00:00+05:45,822.4241
751,2024-06-01T07:00:00+05:45,614.4158
752,2024-06-01T08:00:00+05:45,768.45264
753,2024-06-01T09:00:00+05:45,744.5071
754,2024-06-01T10:00:00+05:45,535.91235
755,2024-06-01T11:00:00+05:45,376.55444
756,2024-06-01T12:00:00+05:45,402.5913
757,2024-06-01T13:00:00+05:45,458.4568
758,2024-06-01T14:00:00+05:45,284.7749
759,2024-06-01T15:00:00+05:45,252.21823
760,2024-06-01T16:00:00+05:45,296.55908
761,2024-06-01T17:00:00+05:45,297.1692
762,2024-06-01T18:00:00+05:45,375.21948
763,2024-06-01T19:00:00+05:45,433.76685
764,2024-06-01T20:00:00+05:45,368.85547
765,2024-06-01T21:00:00+05:45,306.67065
766,2024-06-01T22:00:00+05:45,103.1694
767,2024-06-01T23:00:00+05:45,261.37085
768,2024-06-02T00:00:00+05:45,384.114
769,2024-06-02T01:00:00+05:45,521.13965
770,2024-06-02T02:00:00+05:45,598.31665
771,2024-06-02T03:00:00+05:45,622.98804
772,2024-06-02T04:00:00+05:45,580.2947
773,2024-06-02T05:00:00+05:45,729.62744
774,2024-06-02T06:00:00+05:45,808.4934
775,2024-06-02T07:00:00+05:45,850.67114
776,2024-06-02T08:00:00+05:45,1099.8989
777,2024-06-02T09:00:00+05:45,975.58887
778,2024-06-02T10:00:00+05:45,1117.3223
779,2024-06-02T11:00:00+05:45,539.15967
780,2024-06-02T12:00:00+05:45,443.8523
781,2024-06-02T13:00:00+05:45,341.5437
782,2024-06-02T14:00:00+05:45,400.30542
783,2024-06-02T15:00:00+05:45,558.7827
784,2024-06-02T16:00:00+05:45,586.26196
785,2024-06-02T17:00:00+05:45,485.7461
786,2024-06-02T18:00:00+05:45,396.69946
787,2024-06-02T19:00:00+05:45,333.0105
788,2024-06-02T20:00:00+05:45,351.27856
789,2024-06-02T21:00:00+05:45,191.864
790,2024-06-02T22:00:00+05:45,318.3828
791,2024-06-02T23:00:00+05:45,168.42117
792,2024-06-03T00:00:00+05:45,79.0988
793,2024-06-03T01:00:00+05:45,261.30396
794,2024-06-03T02:00:00+05:45,242.43454
795,2024-06-03T03:00:00+05:45,173.8727
796,2024-06-03T04:00:00+05:45,241.8764
797,2024-06-03T05:00:00+05:45,356.8274
798,2024-06-03T06:00:00+05:45,500.6953
799,2024-06-03T07:00:00+05:45,553.75684
800,2024-06-03T08:00:00+05:45,639.38184
801,2024-06-03T09:00:00+05:45,556.1311
802,2024-06-03T10:00:00+05:45,471.26123
803,2024-06-03T11:00:00+05:45,337.1748
804,2024-06-03T12:00:00+05:45,411.01953
805,2024-06-03T13:00:00+05:45,408.69116
806,2024-06-03T14:00:00+05:45,333.57642
807,2024-06-03T15:00:00+05:45,281.87402
808,2024-06-03T16:00:00+05:45,355.83203
809,2024-06-03T17:00:00+05:45,427.9397
810,2024-06-03T18:00:00+05:45,528.8645
811,2024-06-03T19:00:00+05:45,616.96655
812,2024-06-03T20:00:00+05:45,684.61646
813,2024-06-03T21:00:00+05:45,696.5405
814,2024-06-03T22:00:00+05:45,221.07039
815,2024-06-03T23:00:00+05:45,223.52364
816,2024-06-04T00:00:00+05:45,223.61205
817,2024-06-04T01:00:00+05:45,294.7959
818,2024-06-04T02:00:00+05:45,324.8252
819,2024-06-04T03:00:00+05:45,400.17334
820,2024-06-04T04:00:00+05:45,718.1113
821,2024-06-04T05:00:00+05:45,1106.2129
822,2024-06-04T06:00:00+05:45,891.96533
823,2024-06-04T07:00:00+05:45,901.0515
824,2024-06-04T08:00:00+05:45,882.0322
825,2024-06-04T09:00:00+05:45,1097.1816
826,2024-06-04T10:00:00+05:45,971.5779
827,2024-06-04T11:00:00+05:45,685.791
828,2024-06-04T12:00:00+05:45,576.8584
829,2024-06-04T13:00:00+05:45,489.8523
830,2024-06-04T14:00:00+05:45,517.72925
831,2024-06-04T15:00:00+05:45,540.8716
832,2024-06-04T16:00:00+05:45,533.3506
833,2024-06-04T17:00:00+05:45,482.2517
834,2024-06-04T18:00:00+05:45,542.57544
835,2024-06-04T19:00:00+05:45,631.1587
836,2024-06-04T20:00:00+05:45,587.64233
837,2024-06-04T21:00:00+05:45,616.51514
838,2024-06-04T22:00:00+05:45,260.80176
839,2024-06-04T23:00:00+05:45,135.84813
840,2024-06-05T00:00:00+05:45,88.837555
841,2024-06-05T01:00:00+05:45,66.204666
842,2024-06-05T02:00:00+05:45,130.28549
843,2024-06-05T03:00:00+05:45,350.6565
844,2024-06-05T04:00:00+05:45,427.9209
845,2024-06-05T05:00:00+05:45,627.7783
846,2024-06-05T06:00:00+05:45,712.93677
847,2024-06-05T07:00:00+05:45,984.88477
848,2024-06-05T08:00:00+05:45,920.448
849,2024-06-05T09:00:00+05:45,447.84692
850,2024-06-05T10:00:00+05:45,1052.2917
851,2024-06-05T11:00:00+05:45,836.4658
852,2024-06-05T12:00:00+05:45,681.1604
853,2024-06-05T13:00:00+05:45,582.95166
854,2024-06-05T14:00:00+05:45,695.8645
855,2024-06-05T15:00:00+05:45,730.0593
856,2024-06-05T16:00:00+05:45,703.2073
857,2024-06-05T17:00:00+05:45,645.3264
858,2024-06-05T18:00:00+05:45,653.9004
859,2024-06-05T19:00:00+05:45,574.41626
860,2024-06-05T20:00:00+05:45,551.3257
861,2024-06-05T21:00:00+05:45,632.271
862,2024-06-05T22:00:00+05:45,96.89336
863,2024-06-05T23:00:00+05:45,31.44423
864,2024-06-06T00:00:00+05:45,13.921825
865,2024-06-06T01:00:00+05:45,18.366333
866,2024-06-06T02:00:00+05:45,302.7434
867,2024-06-06T03:00:00+05:45,242.2939
868,2024-06-06T04:00:00+05:45,194.1939
869,2024-06-06T05:00:00+05:45,252.95866
870,2024-06-06T06:00:00+05:45,485.25854
871,2024-06-06T07:00:00+05:45,226.64629
872,2024-06-06T08:00:00+05:45,330.49365
873,2024-06-06T09:00:00+05:45,648.5469
874,2024-06-06T10:00:00+05:45,943.9121
875,2024-06-06T11:00:00+05:45,900.864
876,2024-06-06T12:00:00+05:45,258.49756
877,2024-06-06T13:00:00+05:45,160.87549
878,2024-06-06T14:00:00+05:45,177.75777
879,2024-06-06T15:00:00+05:45,224.76303
880,2024-06-06T16:00:00+05:45,275.6057
881,2024-06-06T17:00:00+05:45,269.12402
882,2024-06-06T18:00:00+05:45,345.78735
883,2024-06-06T19:00:00+05:45,393.2268
884,2024-06-06T20:00:00+05:45,372.66357
885,2024-06-06T21:00:00+05:45,386.10254
886,2024-06-06T22:00:00+05:45,197.15842
887,2024-06-06T23:00:00+05:45,152.52196
888,2024-06-07T00:00:00+05:45,85.09573
889,2024-06-07T01:00:00+05:45,153.02194
890,2024-06-07T02:00:00+05:45,314.11475
891,2024-06-07T03:00:00+05:45,104.55411
892,2024-06-07T04:00:00+05:45,228.72147
893,2024-06-07T05:00:00+05:45,87.95181
894,2024-06-07T06:00:00+05:45,179.08253
895,2024-06-07T07:00:00+05:45,459.6084
896,2024-06-07T08:00:00+05:45,831.71265
897,2024-06-07T09:00:00+05:45,975.0508
898,2024-06-07T10:00:00+05:45,1083.6887
899,2024-06-07T11:00:00+05:45,984.2705
900,2024-06-07T12:00:00+05:45,380.80444
901,2024-06-07T13:00:00+05:45,402.05786
902,2024-06-07T14:00:00+05:45,389.06787
903,2024-06-07T15:00:00+05:45,404.28418
904,2024-06-07T16:00:00+05:45,389.80005
905,2024-06-07T17:00:00+05:45,403.81763
906,2024-06-07T18:00:00+05:45,444.21143
907,2024-06-07T19:00:00+05:45,592.5049
908,2024-06-07T20:00:00+05:45,719.8413
909,2024-06-07T21:00:00+05:45,771.5615
910,2024-06-07T22:00:00+05:45,741.4136
911,2024-06-07T23:00:00+05:45,603.8303
912,2024-06-08T00:00:00+05:45,374.73804
913,2024-06-08T01:00:00+05:45,265.86133
914,2024-06-08T02:00:00+05:45,273.9038
915,2024-06-08T03:00:00+05:45,198.87955
916,2024-06-08T04:00:00+05:45,198.2474
917,2024-06-08T05:00:00+05:45,226.06383
918,2024-06-08T06:00:00+05:45,363.3711
919,2024-06-08T07:00:00+05:45,391.93286
920,2024-06-08T08:00:00+05:45,557.5862
921,2024-06-08T09:00:00+05:45,409.67188
922,2024-06-08T10:00:00+05:45,666.77637
923,2024-06-08T11:00:00+05:45,916.4678
924,2024-06-08T12:00:00+05:45,828.07666
925,2024-06-08T13:00:00+05:45,557.01587
926,2024-06-08T14:00:00+05:45,506.19043
927,2024-06-08T15:00:00+05:45,433.95947
928,2024-06-08T16:00:00+05:45,326.98096
929,2024-06-08T17:00:00+05:45,248.61742
930,2024-06-08T18:00:00+05:45,224.7015
931,2024-06-08T19:00:00+05:45,236.74068
932,2024-06-08T20:00:00+05:45,278.36597
933,2024-06-08T21:00:00+05:45,322.292
934,2024-06-08T22:00:00+05:45,763.4624
935,2024-06-08T23:00:00+05:45,688.8003
936,2024-06-09T00:00:00+05:45,489.4397
937,2024-06-09T01:00:00+05:45,495.27466
938,2024-06-09T02:00:00+05:45,608.94946
939,2024-06-09T03:00:00+05:45,497.69458
940,2024-06-09T04:00:00+05:45,496.34912
941,2024-06-09T05:00:00+05:45,438.19653
942,2024-06-09T06:00:00+05:45,448.12964
943,2024-06-09T07:00:00+05:45,378.55762
944,2024-06-09T08:00:00+05:45,384.70117
945,2024-06-09T09:00:00+05:45,418.39355
946,2024-06-09T10:00:00+05:45,383.92847
947,2024-06-09T11:00:00+05:45,412.19263
948,2024-06-09T12:00:00+05:45,461.16235
949,2024-06-09T13:00:00+05:45,625.40186
950,2024-06-09T14:00:00+05:45,653.4807
951,2024-06-09T15:00:00+05:45,641.71875
952,2024-06-09T16:00:00+05:45,585.5293
953,2024-06-09T17:00:00+05:45,549.6294
954,2024-06-09T18:00:00+05:45,518.5281
955,2024-06-09T19:00:00+05:45,512.0525
956,2024-06-09T20:00:00+05:45,466.87793
957,2024-06-09T21:00:00+05:45,431.42383
958,2024-06-09T22:00:00+05:45,599.4917
959,2024-06-09T23:00:00+05:45,585.21265
960,2024-06-10T00:00:00+05:45,536.5437
961,2024-06-10T01:00:00+05:45,565.8259
962,2024-06-10T02:00:00+05:45,525.3921
963,2024-06-10T03:00:00+05:45,458.58643
964,2024-06-10T04:00:00+05:45,401.71582
965,2024-06-10T05:00:00+05:45,371.7141
966,2024-06-10T06:00:00+05:45,334.0476
967,2024-06-10T07:00:00+05:45,306.46143
968,2024-06-10T08:00:00+05:45,286.5791
969,2024-06-10T09:00:00+05:45,215.3096
970,2024-06-10T10:00:00+05:45,255.26993
971,2024-06-10T11:00:00+05:45,224.09714
972,2024-06-10T12:00:00+05:45,183.74191
973,2024-06-10T13:00:00+05:45,386.99316
974,2024-06-10T14:00:00+05:45,388.5276
975,2024-06-10T15:00:00+05:45,441.56982
976,2024-06-10T16:00:00+05:45,523.75146
977,2024-06-10T17:00:00+05:45,691.2942
978,2024-06-10T18:00:00+05:45,786.928
979,2024-06-10T19:00:00+05:45,712.00586
980,2024-06-10T20:00:00+05:45,570.6594
981,2024-06-10T21:00:00+05:45,526.0122
982,2024-06-10T22:00:00+05:45,945.1238
983,2024-06-10T23:00:00+05:45,912.1931
984,2024-06-11T00:00:00+05:45,880.4238
985,2024-06-11T01:00:00+05:45,859.8225
986,2024-06-11T02:00:00+05:45,885.26245
987,2024-06-11T03:00:00+05:45,948.4082
988,2024-06-11T04:00:00+05:45,885.7278
989,2024-06-11T05:00:00+05:45,825.1858
990,2024-06-11T06:00:00+05:45,714.5205
991,2024-06-11T07:00:00+05:45,794.6155
992,2024-06-11T08:00:00+05:45,498.7339
993,2024-06-11T09:00:00+05:45,334.41553
994,2024-06-11T10:00:00+05:45,1941.3237
995,2024-06-11T11:00:00+05:45,1982.987
996,2024-06-11T12:00:00+05:45,1788.169
997,2024-06-11T13:00:00+05:45,1777.675
998,2024-06-11T14:00:00+05:45,1928.0242
999,2024-06-11T15:00:00+05:45,1700.1462
1000,2024-06-11T16:00:00+05:45,1690.4434
1001,2024-06-11T17:00:00+05:45,1569.533
1002,2024-06-11T18:00:00+05:45,1544.9626
1003,2024-06-11T19:00:00+05:45,1566.0054
1004,2024-06-11T20:00:00+05:45,1273.0269
1005,2024-06-11T21:00:00+05:45,995.49805
1006,2024-06-11T22:00:00+05:45,883.22363
1007,2024-06-11T23:00:00+05:45,620.26636
1008,2024-06-12T00:00:00+05:45,570.2754
1009,2024-06-12T01:00:00+05:45,734.23
1010,2024-06-12T02:00:00+05:45,920.88965
1011,2024-06-12T03:00:00+05:45,556.3777
1012,2024-06-12T04:00:00+05:45,401.3838
1013,2024-06-12T05:00:00+05:45,350.8357
1014,2024-06-12T06:00:00+05:45,328.82593
1015,2024-06-12T07:00:00+05:45,337.7544
1016,2024-06-12T08:00:00+05:45,364.69873
1017,2024-06-12T09:00:00+05:45,385.86987
1018,2024-06-12T10:00:00+05:45,1376.7473
1019,2024-06-12T11:00:00+05:45,1264.1626
1020,2024-06-12T12:00:00+05:45,1332.7761
1021,2024-06-12T13:00:00+05:45,1285.0515
1022,2024-06-12T14:00:00+05:45,1630.6177
1023,2024-06-12T15:00:00+05:45,1834.8276
1024,2024-06-12T16:00:00+05:45,1734.634
1025,2024-06-12T17:00:00+05:45,1766.1074
1026,2024-06-12T18:00:00+05:45,1763.6414
1027,2024-06-12T19:00:00+05:45,1848.1826
1028,2024-06-12T20:00:00+05:45,1412.8489
1029,2024-06-12T21:00:00+05:45,1244.5398
1030,2024-06-12T22:00:00+05:45,1236.0701
1031,2024-06-12T23:00:00+05:45,1112.7878
1032,2024-06-13T00:00:00+05:45,994.09717
1033,2024-06-13T01:00:00+05:45,1113.2402
1034,2024-06-13T02:00:00+05:45,1191.5044
1035,2024-06-13T03:00:00+05:45,611.5862
1036,2024-06-13T04:00:00+05:45,365.92944
1037,2024-06-13T05:00:00+05:45,286.3894
1038,2024-06-13T06:00:00+05:45,341.6765
1039,2024-06-13T07:00:00+05:45,220.4358
1040,2024-06-13T08:00:00+05:45,178.65234
1041,2024-06-13T09:00:00+05:45,368.37964
1042,2024-06-13T10:00:00+05:45,950.6814
1043,2024-06-13T11:00:00+05:45,1155.3225
1044,2024-06-13T12:00:00+05:45,1235.9148
1045,2024-06-13T13:00:00+05:45,1236.7888
1046,2024-06-13T14:00:00+05:45,1352.112
1047,2024-06-13T15:00:00+05:45,1326.5139
1048,2024-06-13T16:00:00+05:45,1225.1265
1049,2024-06-13T17:00:00+05:45,1034.8408
1050,2024-06-13T18:00:00+05:45,825.4392
1051,2024-06-13T19:00:00+05:45,916.396
1052,2024-06-13T20:00:00+05:45,749.79834
1053,2024-06-13T21:00:00+05:45,557.8528
1054,2024-06-13T22:00:00+05:45,375.1599
1055,2024-06-13T23:00:00+05:45,257.75928
1056,2024-06-14T00:00:00+05:45,180.23897
1057,2024-06-14T01:00:00+05:45,311.91455
1058,2024-06-14T02:00:00+05:45,395.51318
1059,2024-06-14T03:00:00+05:45,348.7373
1060,2024-06-14T04:00:00+05:45,704.3767
1061,2024-06-14T05:00:00+05:45,918.17847
1062,2024-06-14T06:00:00+05:45,1105.4583
1063,2024-06-14T07:00:00+05:45,1260.5542
1064,2024-06-14T08:00:00+05:45,1012.2385
1065,2024-06-14T09:00:00+05:45,859.12085
1066,2024-06-14T10:00:00+05:45,1965.2017
1067,2024-06-14T11:00:00+05:45,1321.936
1068,2024-06-14T12:00:00+05:45,487.2207
1069,2024-06-14T13:00:00+05:45,458.16626
1070,2024-06-14T14:00:00+05:45,429.30103
1071,2024-06-14T15:00:00+05:45,782.635
1072,2024-06-14T16:00:00+05:45,1981.7502
1073,2024-06-14T17:00:00+05:45,2308.414
1074,2024-06-14T18:00:00+05:45,2180.6401
1075,2024-06-14T19:00:00+05:45,1338.8442
1076,2024-06-14T20:00:00+05:45,1442.4277
1077,2024-06-14T21:00:00+05:45,924.92065
1078,2024-06-14T22:00:00+05:45,1362.9062
1079,2024-06-14T23:00:00+05:45,1202.7087
1080,2024-06-15T00:00:00+05:45,788.6616
1081,2024-06-15T01:00:00+05:45,507.60205
1082,2024-06-15T02:00:00+05:45,440.80615
1083,2024-06-15T03:00:00+05:45,377.9944
1084,2024-06-15T04:00:00+05:45,819.56494
1085,2024-06-15T05:00:00+05:45,1340.145
1086,2024-06-15T06:00:00+05:45,2263.026
1087,2024-06-15T07:00:00+05:45,3080.2222
1088,2024-06-15T08:00:00+05:45,3542.5168
1089,2024-06-15T09:00:00+05:45,3940.1714
1090,2024-06-15T10:00:00+05:45,4721.9336
1091,2024-06-15T11:00:00+05:45,4124.9297
1092,2024-06-15T12:00:00+05:45,2417.6846
1093,2024-06-15T13:00:00+05:45,2103.7
1094,2024-06-15T14:00:00+05:45,1845.1755
1095,2024-06-15T15:00:00+05:45,1944.5505
1096,2024-06-15T16:00:00+05:45,1205.3596
1097,2024-06-15T17:00:00+05:45,1058.706
1098,2024-06-15T18:00:00+05:45,1135.5803
1099,2024-06-15T19:00:00+05:45,1158.6079
1100,2024-06-15T20:00:00+05:45,1074.9475
1101,2024-06-15T21:00:00+05:45,790.25
1102,2024-06-15T22:00:00+05:45,594.82056
1103,2024-06-15T23:00:00+05:45,898.72046
1104,2024-06-16T00:00:00+05:45,915.38403
1105,2024-06-16T01:00:00+05:45,852.39624
1106,2024-06-16T02:00:00+05:45,735.48804
1107,2024-06-16T03:00:00+05:45,977.30786
1108,2024-06-16T04:00:00+05:45,1453.8633
1109,2024-06-16T05:00:00+05:45,2210.975
1110,2024-06-16T06:00:00+05:45,2620.8286
1111,2024-06-16T07:00:00+05:45,2257.3398
1112,2024-06-16T08:00:00+05:45,1993.742
1113,2024-06-16T09:00:00+05:45,2124.264
1114,2024-06-16T10:00:00+05:45,1757.7058
1115,2024-06-16T11:00:00+05:45,1312.1584
1116,2024-06-16T12:00:00+05:45,1260.418
1117,2024-06-16T13:00:00+05:45,1455.2021
1118,2024-06-16T14:00:00+05:45,1435.0715
1119,2024-06-16T15:00:00+05:45,1180.3359
1120,2024-06-16T16:00:00+05:45,958.3435
1121,2024-06-16T17:00:00+05:45,1152.9541
1122,2024-06-16T18:00:00+05:45,1209.9346
1123,2024-06-16T19:00:00+05:45,1338.9412
1124,2024-06-16T20:00:00+05:45,1182.8301
1125,2024-06-16T21:00:00+05:45,878.1846
1126,2024-06-16T22:00:00+05:45,728.8386
1127,2024-06-16T23:00:00+05:45,618.3113
1128,2024-06-17T00:00:00+05:45,604.5325
1129,2024-06-17T01:00:00+05:45,529.70703
1130,2024-06-17T02:00:00+05:45,444.29712
1131,2024-06-17T03:00:00+05:45,334.375
1132,2024-06-17T04:00:00+05:45,377.12842
1133,2024-06-17T05:00:00+05:45,839.63794
1134,2024-06-17T06:00:00+05:45,1216.5681
1135,2024-06-17T07:00:00+05:45,1457.939
1136,2024-06-17T08:00:00+05:45,1364.969
1137,2024-06-17T09:00:00+05:45,1731.3682
1138,2024-06-17T10:00:00+05:45,1137.2871
1139,2024-06-17T11:00:00+05:45,1079.3616
1140,2024-06-17T12:00:00+05:45,893.6992
1141,2024-06-17T13:00:00+05:45,453.14014
1142,2024-06-17T14:00:00+05:45,438.04395
1143,2024-06-17T15:00:00+05:45,471.49536
1144,2024-06-17T16:00:00+05:45,441.62598
1145,2024-06-17T17:00:00+05:45,451.64868
1146,2024-06-17T18:00:00+05:45,451.02832
1147,2024-06-17T19:00:00+05:45,454.05347
1148,2024-06-17T20:00:00+05:45,380.01294
1149,2024-06-17T21:00:00+05:45,251.93013
1150,2024-06-17T22:00:00+05:45,401.2505
1151,2024-06-17T23:00:00+05:45,413.77515
1152,2024-06-18T00:00:00+05:45,476.0664
1153,2024-06-18T01:00:00+05:45,476.68262
1154,2024-06-18T02:00:00+05:45,648.50806
1155,2024-06-18T03:00:00+05:45,1175.7422
1156,2024-06-18T04:00:00+05:45,1276.1973
1157,2024-06-18T05:00:00+05:45,1462.564
1158,2024-06-18T06:00:00+05:45,1741.4524
1159,2024-06-18T07:00:00+05:45,1717.0742
1160,2024-06-18T08:00:00+05:45,1655.293
1161,2024-06-18T09:00:00+05:45,1518.8787
1162,2024-06-18T10:00:00+05:45,2597.0366
1163,2024-06-18T11:00:00+05:45,2495.9075
1164,2024-06-18T12:00:00+05:45,2542.4863
1165,2024-06-18T13:00:00+05:45,2372.1238
1166,2024-06-18T14:00:00+05:45,2454.0964
1167,2024-06-18T15:00:00+05:45,2608.1946
1168,2024-06-18T16:00:00+05:45,2326.0222
1169,2024-06-18T17:00:00+05:45,1737.1309
1170,2024-06-18T18:00:00+05:45,1449.2908
1171,2024-06-18T19:00:00+05:45,1316.7827
1172,2024-06-18T20:00:00+05:45,1155.2515
1173,2024-06-18T21:00:00+05:45,809.72363
1174,2024-06-18T22:00:00+05:45,371.37744
1175,2024-06-18T23:00:00+05:45,283.51562
1176,2024-06-19T00:00:00+05:45,219.14406
1177,2024-06-19T01:00:00+05:45,201.73518
1178,2024-06-19T02:00:00+05:45,266.62256
1179,2024-06-19T03:00:00+05:45,377.2964
1180,2024-06-19T04:00:00+05:45,911.08936
1181,2024-06-19T05:00:00+05:45,1119.5671
1182,2024-06-19T06:00:00+05:45,1482.6282
1183,2024-06-19T07:00:00+05:45,1748.8789
1184,2024-06-19T08:00:00+05:45,1721.9084
1185,2024-06-19T09:00:00+05:45,1865.3284
1186,2024-06-19T10:00:00+05:45,3172.2964
1187,2024-06-19T11:00:00+05:45,3214.5508
1188,2024-06-19T12:00:00+05:45,2267.9807
1189,2024-06-19T13:00:00+05:45,2026.2036
1190,2024-06-19T14:00:00+05:45,2188.3098
1191,2024-06-19T15:00:00+05:45,1983.355
1192,2024-06-19T16:00:00+05:45,1826.2485
1193,2024-06-19T17:00:00+05:45,1597.2332
1194,2024-06-19T18:00:00+05:45,1388.5637
1195,2024-06-19T19:00:00+05:45,1179.9106
1196,2024-06-19T20:00:00+05:45,1282.2847
1197,2024-06-19T21:00:00+05:45,914.06494
1198,2024-06-19T22:00:00+05:45,210.63663
1199,2024-06-19T23:00:00+05:45,268.16602
1200,2024-06-20T00:00:00+05:45,303.115
1201,2024-06-20T01:00:00+05:45,297.4187
1202,2024-06-20T02:00:00+05:45,393.79565
1203,2024-06-20T03:00:00+05:45,443.34985
1204,2024-06-20T04:00:00+05:45,507.98193
1205,2024-06-20T05:00:00+05:45,516.3457
1206,2024-06-20T06:00:00+05:45,904.20703
1207,2024-06-20T07:00:00+05:45,741.3191
1208,2024-06-20T08:00:00+05:45,394.03613
1209,2024-06-20T09:00:00+05:45,493.04272
1210,2024-06-20T10:00:00+05:45,992.6345
1211,2024-06-20T11:00:00+05:45,221.25017
1212,2024-06-20T12:00:00+05:45,80.676895
1213,2024-06-20T13:00:00+05:45,20.45636
1214,2024-06-20T14:00:00+05:45,49.55385
1215,2024-06-20T15:00:00+05:45,169.2423
1216,2024-06-20T16:00:00+05:45,255.37204
1217,2024-06-20T17:00:00+05:45,236.42007
1218,2024-06-20T18:00:00+05:45,270.6089
1219,2024-06-20T19:00:00+05:45,202.24985
1220,2024-06-20T20:00:00+05:45,162.55104
1221,2024-06-20T21:00:00+05:45,155.54987
1222,2024-06-20T22:00:00+05:45,70.524
1223,2024-06-20T23:00:00+05:45,53.05545
1224,2024-06-21T00:00:00+05:45,26.399826
1225,2024-06-21T01:00:00+05:45,21.97023
1226,2024-06-21T02:00:00+05:45,120.526566
1227,2024-06-21T03:00:00+05:45,229.78148
1228,2024-06-21T04:00:00+05:45,360.36328
1229,2024-06-21T05:00:00+05:45,557.7163
1230,2024-06-21T06:00:00+05:45,815.7461
1231,2024-06-21T07:00:00+05:45,1300.4961
1232,2024-06-21T08:00:00+05:45,1866.4417
1233,2024-06-21T09:00:00+05:45,2360.7107
1234,2024-06-21T10:00:00+05:45,2195.2725
1235,2024-06-21T11:00:00+05:45,1450.5615
1236,2024-06-21T12:00:00+05:45,621.218
1237,2024-06-21T13:00:00+05:45,358.63037
1238,2024-06-21T14:00:00+05:45,445.2622
1239,2024-06-21T15:00:00+05:45,419.55176
1240,2024-06-21T16:00:00+05:45,417.09326
1241,2024-06-21T17:00:00+05:45,387.71167
1242,2024-06-21T18:00:00+05:45,223.33704
1243,2024-06-21T19:00:00+05:45,196.61684
1244,2024-06-21T20:00:00+05:45,310.09937
1245,2024-06-21T21:00:00+05:45,393.562
1246,2024-06-21T22:00:00+05:45,240.51006
1247,2024-06-21T23:00:00+05:45,262.5896
1248,2024-06-22T00:00:00+05:45,270.23657
1249,2024-06-22T01:00:00+05:45,267.37085
1250,2024-06-22T02:00:00+05:45,364.07446
1251,2024-06-22T03:00:00+05:45,479.4121
1252,2024-06-22T04:00:00+05:45,686.59106
1253,2024-06-22T05:00:00+05:45,1117.2727
1254,2024-06-22T06:00:00+05:45,1650.4595
1255,2024-06-22T07:00:00+05:45,2131.457
1256,2024-06-22T08:00:00+05:45,1841.0349
1257,2024-06-22T09:00:00+05:45,2635.6328
1258,2024-06-22T10:00:00+05:45,1726.0581
1259,2024-06-22T11:00:00+05:45,1465.5986
1260,2024-06-22T12:00:00+05:45,1367.7751
1261,2024-06-22T13:00:00+05:45,148.01604
1262,2024-06-22T14:00:00+05:45,228.37393
1263,2024-06-22T15:00:00+05:45,261.97192
1264,2024-06-22T16:00:00+05:45,315.31738
1265,2024-06-22T17:00:00+05:45,364.25586
1266,2024-06-22T18:00:00+05:45,427.14453
1267,2024-06-22T19:00:00+05:45,521.87695
1268,2024-06-22T20:00:00+05:45,538.82104
1269,2024-06-22T21:00:00+05:45,482.96802
1270,2024-06-22T22:00:00+05:45,274.14746
1271,2024-06-22T23:00:00+05:45,210.13644
1272,2024-06-23T00:00:00+05:45,161.9969
1273,2024-06-23T01:00:00+05:45,150.66196
1274,2024-06-23T02:00:00+05:45,113.66292
1275,2024-06-23T03:00:00+05:45,86.00389
1276,2024-06-23T04:00:00+05:45,122.61461
1277,2024-06-23T05:00:00+05:45,302.32178
1278,2024-06-23T06:00:00+05:45,742.7661
1279,2024-06-23T07:00:00+05:45,983.46924
1280,2024-06-23T08:00:00+05:45,1509.5476
1281,2024-06-23T09:00:00+05:45,1308.6816
1282,2024-06-23T10:00:00+05:45,1571.1768
1283,2024-06-23T11:00:00+05:45,1610.7615
1284,2024-06-23T12:00:00+05:45,1164.8999
1285,2024-06-23T13:00:00+05:45,1192.7227
1286,2024-06-23T14:00:00+05:45,1133.8767
1287,2024-06-23T15:00:00+05:45,979.5652
1288,2024-06-23T16:00:00+05:45,987.645
1289,2024-06-23T17:00:00+05:45,822.9131
1290,2024-06-23T18:00:00+05:45,808.4409
1291,2024-06-23T19:00:00+05:45,724.00806
1292,2024-06-23T20:00:00+05:45,601.68677
1293,2024-06-23T21:00:00+05:45,410.45337
1294,2024-06-23T22:00:00+05:45,871.89233
1295,2024-06-23T23:00:00+05:45,572.3943
1296,2024-06-24T00:00:00+05:45,293.19946
1297,2024-06-24T01:00:00+05:45,147.48756
1298,2024-06-24T02:00:00+05:45,123.18643
1299,2024-06-24T03:00:00+05:45,243.63664
1300,2024-06-24T04:00:00+05:45,448.56616
1301,2024-06-24T05:00:00+05:45,434.39185
1302,2024-06-24T06:00:00+05:45,822.27734
1303,2024-06-24T07:00:00+05:45,1511.6299
1304,2024-06-24T08:00:00+05:45,1050.8354
1305,2024-06-24T09:00:00+05:45,1491.9482
1306,2024-06-24T10:00:00+05:45,1791.2896
1307,2024-06-24T11:00:00+05:45,731.64233
1308,2024-06-24T12:00:00+05:45,673.0188
1309,2024-06-24T13:00:00+05:45,848.8447
1310,2024-06-24T14:00:00+05:45,861.39844
1311,2024-06-24T15:00:00+05:45,810.9087
1312,2024-06-24T16:00:00+05:45,584.875
1313,2024-06-24T17:00:00+05:45,498.2556
1314,2024-06-24T18:00:00+05:45,333.36865
1315,2024-06-24T19:00:00+05:45,235.42352
1316,2024-06-24T20:00:00+05:45,181.12988
1317,2024-06-24T21:00:00+05:45,191.01425
1318,2024-06-24T22:00:00+05:45,139.21156
1319,2024-06-24T23:00:00+05:45,275.75293
1320,2024-06-25T00:00:00+05:45,220.71481
1321,2024-06-25T01:00:00+05:45,311.86182
1322,2024-06-25T02:00:00+05:45,261.1211
1323,2024-06-25T03:00:00+05:45,188.98471
1324,2024-06-25T04:00:00+05:45,189.99324
1325,2024-06-25T05:00:00+05:45,269.76343
1326,2024-06-25T06:00:00+05:45,720.0112
1327,2024-06-25T07:00:00+05:45,692.89355
1328,2024-06-25T08:00:00+05:45,1106.7666
1329,2024-06-25T09:00:00+05:45,844.01733
1330,2024-06-25T10:00:00+05:45,595.03345
1331,2024-06-25T11:00:00+05:45,617.37085
1332,2024-06-25T12:00:00+05:45,568.8904
1333,2024-06-25T13:00:00+05:45,439.02905
1334,2024-06-25T14:00:00+05:45,280.50977
1335,2024-06-25T15:00:00+05:45,354.68945
1336,2024-06-25T16:00:00+05:45,598.6594
1337,2024-06-25T17:00:00+05:45,524.43286
1338,2024-06-25T18:00:00+05:45,394.53296
1339,2024-06-25T19:00:00+05:45,360.23096
1340,2024-06-25T20:00:00+05:45,329.49243
1341,2024-06-25T21:00:00+05:45,165.74237
1342,2024-06-25T22:00:00+05:45,136.9512
1343,2024-06-25T23:00:00+05:45,156.032
1344,2024-06-26T00:00:00+05:45,137.05766
1345,2024-06-26T01:00:00+05:45,86.5661
1346,2024-06-26T02:00:00+05:45,130.81758
1347,2024-06-26T03:00:00+05:45,292.0559
1348,2024-06-26T04:00:00+05:45,618.08765
1349,2024-06-26T05:00:00+05:45,970.3418
1350,2024-06-26T06:00:00+05:45,935.5786
1351,2024-06-26T07:00:00+05:45,1061.9517
1352,2024-06-26T08:00:00+05:45,1187.8943
1353,2024-06-26T09:00:00+05:45,1670.227
1354,2024-06-26T10:00:00+05:45,832.3633
1355,2024-06-26T11:00:00+05:45,327.96875
1356,2024-06-26T12:00:00+05:45,230.64398
1357,2024-06-26T13:00:00+05:45,200.46378
1358,2024-06-26T14:00:00+05:45,170.82965
1359,2024-06-26T15:00:00+05:45,217.16696
1360,2024-06-26T16:00:00+05:45,248.54866
1361,2024-06-26T17:00:00+05:45,333.66382
1362,2024-06-26T18:00:00+05:45,426.81982
1363,2024-06-26T19:00:00+05:45,439.1731
1364,2024-06-26T20:00:00+05:45,366.0542
1365,2024-06-26T21:00:00+05:45,241.35579
1366,2024-06-26T22:00:00+05:45,114.41121
1367,2024-06-26T23:00:00+05:45,72.08174
1368,2024-06-27T00:00:00+05:45,41.661514
1369,2024-06-27T01:00:00+05:45,84.70805
1370,2024-06-27T02:00:00+05:45,111.596466
1371,2024-06-27T03:00:00+05:45,92.520096
1372,2024-06-27T04:00:00+05:45,42.629684
1373,2024-06-27T05:00:00+05:45,23.851501
1374,2024-06-27T06:00:00+05:45,100.63287
1375,2024-06-27T07:00:00+05:45,177.42966
1376,2024-06-27T08:00:00+05:45,248.10735
1377,2024-06-27T09:00:00+05:45,326.22168
1378,2024-06-27T10:00:00+05:45,338.07666
1379,2024-06-27T11:00:00+05:45,419.8523
1380,2024-06-27T12:00:00+05:45,379.85693
1381,2024-06-27T13:00:00+05:45,408.86597
1382,2024-06-27T14:00:00+05:45,446.43774
1383,2024-06-27T15:00:00+05:45,575.1277
1384,2024-06-27T16:00:00+05:45,657.74585
1385,2024-06-27T17:00:00+05:45,483.26855
1386,2024-06-27T18:00:00+05:45,292.06348
1387,2024-06-27T19:00:00+05:45,216.59615
1388,2024-06-27T20:00:00+05:45,262.40552
1389,2024-06-27T21:00:00+05:45,170.975
1390,2024-06-27T22:00:00+05:45,118.59938
1391,2024-06-27T23:00:00+05:45,62.677048
1392,2024-06-28T00:00:00+05:45,112.06247
1393,2024-06-28T01:00:00+05:45,248.36246
1394,2024-06-28T02:00:00+05:45,313.14868
1395,2024-06-28T03:00:00+05:45,575.9238
1396,2024-06-28T04:00:00+05:45,537.157
1397,2024-06-28T05:00:00+05:45,768.322
1398,2024-06-28T06:00:00+05:45,943.93506
1399,2024-06-28T07:00:00+05:45,1697.3237
1400,2024-06-28T08:00:00+05:45,1870.0476
1401,2024-06-28T09:00:00+05:45,1871.7112
1402,2024-06-28T10:00:00+05:45,381.54175
1403,2024-06-28T11:00:00+05:45,1057.7466
1404,2024-06-28T12:00:00+05:45,769.022
1405,2024-06-28T13:00:00+05:45,485.39038
1406,2024-06-28T14:00:00+05:45,183.92542
1407,2024-06-28T15:00:00+05:45,295.40308
1408,2024-06-28T16:00:00+05:45,211.07494
1409,2024-06-28T17:00:00+05:45,187.08922
1410,2024-06-28T18:00:00+05:45,218.10971
1411,2024-06-28T19:00:00+05:45,249.26425
1412,2024-06-28T20:00:00+05:45,358.04468
1413,2024-06-28T21:00:00+05:45,355.14282
1414,2024-06-28T22:00:00+05:45,107.78346
1415,2024-06-28T23:00:00+05:45,40.717087
1416,2024-06-29T00:00:00+05:45,0.929967
1417,2024-06-29T01:00:00+05:45,4.950924
1418,2024-06-29T02:00:00+05:45,5.532051
1419,2024-06-29T03:00:00+05:45,5.6402693
1420,2024-06-29T04:00:00+05:45,23.457535
1421,2024-06-29T05:00:00+05:45,313.14502
1422,2024-06-29T06:00:00+05:45,535.8264
1423,2024-06-29T07:00:00+05:45,252.47086
1424,2024-06-29T08:00:00+05:45,188.10574
1425,2024-06-29T09:00:00+05:45,327.5625
1426,2024-06-29T10:00:00+05:45,266.8955
1427,2024-06-29T11:00:00+05:45,293.19727
1428,2024-06-29T12:00:00+05:45,470.42993
1429,2024-06-29T13:00:00+05:45,387.32812
1430,2024-06-29T14:00:00+05:45,420.40234
1431,2024-06-29T15:00:00+05:45,433.32422
1432,2024-06-29T16:00:00+05:45,358.71558
1433,2024-06-29T17:00:00+05:45,563.39307
1434,2024-06-29T18:00:00+05:45,489.0725
1435,2024-06-29T19:00:00+05:45,484.60742
1436,2024-06-29T20:00:00+05:45,533.1179
1437,2024-06-29T21:00:00+05:45,652.67725
1438,2024-06-29T22:00:00+05:45,167.77629
1439,2024-06-29T23:00:00+05:45,57.81996
1440,2024-06-30T00:00:00+05:45,37.770767
1441,2024-06-30T01:00:00+05:45,27.409332
1442,2024-06-30T02:00:00+05:45,55.555847
1443,2024-06-30T03:00:00+05:45,49.33194
1444,2024-06-30T04:00:00+05:45,95.07214
1445,2024-06-30T05:00:00+05:45,475.43896
1446,2024-06-30T06:00:00+05:45,575.4431
1447,2024-06-30T07:00:00+05:45,151.69705
1448,2024-06-30T08:00:00+05:45,248.76974
1449,2024-06-30T09:00:00+05:45,288.708
1450,2024-06-30T10:00:00+05:45,1713.1802
1451,2024-06-30T11:00:00+05:45,988.7842
1452,2024-06-30T12:00:00+05:45,430.8777
1453,2024-06-30T13:00:00+05:45,436.33032
1454,2024-06-30T14:00:00+05:45,448.417
1455,2024-06-30T15:00:00+05:45,315.16406
1456,2024-06-30T16:00:00+05:45,412.7937
1457,2024-06-30T17:00:00+05:45,307.95337
1458,2024-06-30T18:00:00+05:45,289.72778
1459,2024-06-30T19:00:00+05:45,295.6433
1460,2024-06-30T20:00:00+05:45,298.62158
1461,2024-06-30T21:00:00+05:45,245.1929
1462,2024-06-30T22:00:00+05:45,166.25516
1463,2024-06-30T23:00:00+05:45,78.59158
1464,2024-07-01T00:00:00+05:45,25.77887
1465,2024-07-01T01:00:00+05:45,59.427124
1466,2024-07-01T02:00:00+05:45,83.79973
1467,2024-07-01T03:00:00+05:45,114.41905
1468,2024-07-01T04:00:00+05:45,228.97806
1469,2024-07-01T05:00:00+05:45,165.59915
1470,2024-07-01T06:00:00+05:45,182.87196
1471,2024-07-01T07:00:00+05:45,55.20703
1472,2024-07-01T08:00:00+05:45,164.80118
1473,2024-07-01T09:00:00+05:45,231.70953
1474,2024-07-01T10:00:00+05:45,29.353699
1475,2024-07-01T11:00:00+05:45,89.69826
1476,2024-07-01T12:00:00+05:45,48.121536
1477,2024-07-01T13:00:00+05:45,148.59254
1478,2024-07-01T14:00:00+05:45,94.513596
1479,2024-07-01T15:00:00+05:45,68.364975
1480,2024-07-01T16:00:00+05:45,61.97261
1481,2024-07-01T17:00:00+05:45,41.6205
1482,2024-07-01T18:00:00+05:45,42.123093
1483,2024-07-01T19:00:00+05:45,44.824646
1484,2024-07-01T20:00:00+05:45,101.86359
1485,2024-07-01T21:00:00+05:45,112.31775
1486,2024-07-01T22:00:00+05:45,16.859634
1487,2024-07-01T23:00:00+05:45,3.4598675
1488,2024-07-02T00:00:00+05:45,0.5002035
1489,2024-07-02T01:00:00+05:45,93.152115
1490,2024-07-02T02:00:00+05:45,80.125626
1491,2024-07-02T03:00:00+05:45,92.3815
1492,2024-07-02T04:00:00+05:45,134.98888
1493,2024-07-02T05:00:00+05:45,265.15137
1494,2024-07-02T06:00:00+05:45,230.82841
1495,2024-07-02T07:00:00+05:45,130.64778
1496,2024-07-02T08:00:00+05:45,168.95923
1497,2024-07-02T09:00:00+05:45,177.07361
1498,2024-07-02T10:00:00+05:45,67.02425
1499,2024-07-02T11:00:00+05:45,45.05667
1500,2024-07-02T12:00:00+05:45,36.98195
1501,2024-07-02T13:00:00+05:45,80.15184
1502,2024-07-02T14:00:00+05:45,109.95172
1503,2024-07-02T15:00:00+05:45,121.30884
1504,2024-07-02T16:00:00+05:45,146.30853
1505,2024-07-02T17:00:00+05:45,146.82195
1506,2024-07-02T18:00:00+05:45,148.67204
1507,2024-07-02T19:00:00+05:45,120.440384
1508,2024-07-02T20:00:00+05:45,109.72917
1509,2024-07-02T21:00:00+05:45,96.01764
1510,2024-07-02T22:00:00+05:45,27.252304
1511,2024-07-02T23:00:00+05:45,10.491556
1512,2024-07-03T00:00:00+05:45,19.349442
1513,2024-07-03T01:00:00+05:45,47.04123
1514,2024-07-03T02:00:00+05:45,155.82216
1515,2024-07-03T03:00:00+05:45,175.30067
1516,2024-07-03T04:00:00+05:45,171.4086
1517,2024-07-03T05:00:00+05:45,302.30713
1518,2024-07-03T06:00:00+05:45,912.4707
1519,2024-07-03T07:00:00+05:45,702.8469
1520,2024-07-03T08:00:00+05:45,903.49414
1521,2024-07-03T09:00:00+05:45,846.8567
1522,2024-07-03T10:00:00+05:45,281.97925
1523,2024-07-03T11:00:00+05:45,290.80322
1524,2024-07-03T12:00:00+05:45,329.58643
1525,2024-07-03T13:00:00+05:45,294.86768
1526,2024-07-03T14:00:00+05:45,263.85596
1527,2024-07-03T15:00:00+05:45,249.09613
1528,2024-07-03T16:00:00+05:45,243.96313
1529,2024-07-03T17:00:00+05:45,213.59885
1530,2024-07-03T18:00:00+05:45,140.16034
1531,2024-07-03T19:00:00+05:45,120.097946
1532,2024-07-03T20:00:00+05:45,126.31137
1533,2024-07-03T21:00:00+05:45,143.37192
1534,2024-07-03T22:00:00+05:45,232.5444
1535,2024-07-03T23:00:00+05:45,172.13551
1536,2024-07-04T00:00:00+05:45,94.60884
1537,2024-07-04T01:00:00+05:45,40.91713
1538,2024-07-04T02:00:00+05:45,39.126724
1539,2024-07-04T03:00:00+05:45,57.117996
1540,2024-07-04T04:00:00+05:45,233.14925
1541,2024-07-04T05:00:00+05:45,709.5337
1542,2024-07-04T06:00:00+05:45,1125.3892
1543,2024-07-04T07:00:00+05:45,1195.9175
1544,2024-07-04T08:00:00+05:45,1253.5039
1545,2024-07-04T09:00:00+05:45,1459.8608
1546,2024-07-04T10:00:00+05:45,1980.2632
1547,2024-07-04T11:00:00+05:45,1675.0151
1548,2024-07-04T12:00:00+05:45,1149.1711
1549,2024-07-04T13:00:00+05:45,880.97534
1550,2024-07-04T14:00:00+05:45,368.09375
1551,2024-07-04T15:00:00+05:45,301.05396
1552,2024-07-04T16:00:00+05:45,200.4586
1553,2024-07-04T17:00:00+05:45,208.9521
1554,2024-07-04T18:00:00+05:45,259.0
1555,2024-07-04T19:00:00+05:45,245.27637
1556,2024-07-04T20:00:00+05:45,187.0919
1557,2024-07-04T21:00:00+05:45,137.62015
1558,2024-07-04T22:00:00+05:45,13.379452
1559,2024-07-04T23:00:00+05:45,3.651537
1560,2024-07-05T00:00:00+05:45,5.3624744
1561,2024-07-05T01:00:00+05:45,22.991745
1562,2024-07-05T02:00:00+05:45,43.357986
1563,2024-07-05T03:00:00+05:45,43.98253
1564,2024-07-05T04:00:00+05:45,76.16275
1565,2024-07-05T05:00:00+05:45,204.00327
1566,2024-07-05T06:00:00+05:45,182.2643
1567,2024-07-05T07:00:00+05:45,190.93047
1568,2024-07-05T08:00:00+05:45,147.36478
1569,2024-07-05T09:00:00+05:45,104.229004
1570,2024-07-05T10:00:00+05:45,91.89787
1571,2024-07-05T11:00:00+05:45,25.49968
1572,2024-07-05T12:00:00+05:45,27.467957
1573,2024-07-05T13:00:00+05:45,69.83133
1574,2024-07-05T14:00:00+05:45,62.706573
1575,2024-07-05T15:00:00+05:45,52.31981
1576,2024-07-05T16:00:00+05:45,49.419662
1577,2024-07-05T17:00:00+05:45,71.28038
1578,2024-07-05T18:00:00+05:45,100.19255
1579,2024-07-05T19:00:00+05:45,123.94075
1580,2024-07-05T20:00:00+05:45,116.52896
1581,2024-07-05T21:00:00+05:45,142.65115
1582,2024-07-05T22:00:00+05:45,198.91182
1583,2024-07-05T23:00:00+05:45,139.99852
1584,2024-07-06T00:00:00+05:45,148.9748
1585,2024-07-06T01:00:00+05:45,129.54144
1586,2024-07-06T02:00:00+05:45,91.82507
1587,2024-07-06T03:00:00+05:45,114.456924
1588,2024-07-06T04:00:00+05:45,191.95468
1589,2024-07-06T05:00:00+05:45,222.45963
1590,2024-07-06T06:00:00+05:45,197.75587
1591,2024-07-06T07:00:00+05:45,225.24445
1592,2024-07-06T08:00:00+05:45,255.15239
1593,2024-07-06T09:00:00+05:45,231.84158
1594,2024-07-06T10:00:00+05:45,96.84721
1595,2024-07-06T11:00:00+05:45,177.56462
1596,2024-07-06T12:00:00+05:45,254.94093
1597,2024-07-06T13:00:00+05:45,488.99072
1598,2024-07-06T14:00:00+05:45,431.01538
1599,2024-07-06T15:00:00+05:45,394.05957
1600,2024-07-06T16:00:00+05:45,396.10962
1601,2024-07-06T17:00:00+05:45,319.75317
1602,2024-07-06T18:00:00+05:45,257.1858
1603,2024-07-06T19:00:00+05:45,255.44376
1604,2024-07-06T20:00:00+05:45,229.93379
1605,2024-07-06T21:00:00+05:45,206.28262
1606,2024-07-06T22:00:00+05:45,232.12535
1607,2024-07-06T23:00:00+05:45,140.43652
1608,2024-07-07T00:00:00+05:45,121.255844
1609,2024-07-07T01:00:00+05:45,201.50143
1610,2024-07-07T02:00:00+05:45,309.3562
1611,2024-07-07T03:00:00+05:45,325.4165
1612,2024-07-07T04:00:00+05:45,284.04468
1613,2024-07-07T05:00:00+05:45,271.2058
1614,2024-07-07T06:00:00+05:45,238.55582
1615,2024-07-07T07:00:00+05:45,237.82329
1616,2024-07-07T08:00:00+05:45,201.02597
1617,2024-07-07T09:00:00+05:45,219.0397
1618,2024-07-07T10:00:00+05:45,347.8142
1619,2024-07-07T11:00:00+05:45,246.1875
1620,2024-07-07T12:00:00+05:45,347.15723
1621,2024-07-07T13:00:00+05:45,479.77148
1622,2024-07-07T14:00:00+05:45,554.48364
1623,2024-07-07T15:00:00+05:45,518.7134
1624,2024-07-07T16:00:00+05:45,465.062
1625,2024-07-07T17:00:00+05:45,403.40796
1626,2024-07-07T18:00:00+05:45,328.67285
1627,2024-07-07T19:00:00+05:45,273.98022
1628,2024-07-07T20:00:00+05:45,268.3816
1629,2024-07-07T21:00:00+05:45,222.55843
1630,2024-07-07T22:00:00+05:45,169.72952
1631,2024-07-07T23:00:00+05:45,121.45743
1632,2024-07-08T00:00:00+05:45,49.64102
1633,2024-07-08T01:00:00+05:45,95.67424
1634,2024-07-08T02:00:00+05:45,96.361496
1635,2024-07-08T03:00:00+05:45,122.89769
1636,2024-07-08T04:00:00+05:45,130.60562
1637,2024-07-08T05:00:00+05:45,124.74637
1638,2024-07-08T06:00:00+05:45,147.97026
1639,2024-07-08T07:00:00+05:45,150.63196
1640,2024-07-08T08:00:00+05:45,205.80061
1641,2024-07-08T09:00:00+05:45,307.79614
1642,2024-07-08T10:00:00+05:45,44.8002
1643,2024-07-08T11:00:00+05:45,196.41176
1644,2024-07-08T12:00:00+05:45,191.14758
1645,2024-07-08T13:00:00+05:45,187.06163
1646,2024-07-08T14:00:00+05:45,161.18839
1647,2024-07-08T15:00:00+05:45,107.269745
1648,2024-07-08T16:00:00+05:45,48.156876
1649,2024-07-08T17:00:00+05:45,35.52449
1650,2024-07-08T18:00:00+05:45,76.70622
1651,2024-07-08T19:00:00+05:45,115.27983
1652,2024-07-08T20:00:00+05:45,33.425568
1653,2024-07-08T21:00:00+05:45,70.73805
1654,2024-07-08T22:00:00+05:45,270.52612
1655,2024-07-08T23:00:00+05:45,123.98889
1656,2024-07-09T00:00:00+05:45,42.123734
1657,2024-07-09T01:00:00+05:45,65.91246
1658,2024-07-09T02:00:00+05:45,38.99814
1659,2024-07-09T03:00:00+05:45,38.67723
1660,2024-07-09T04:00:00+05:45,23.328293
1661,2024-07-09T05:00:00+05:45,135.89664
1662,2024-07-09T06:00:00+05:45,254.77107
1663,2024-07-09T07:00:00+05:45,439.26343
1664,2024-07-09T08:00:00+05:45,344.87085
1665,2024-07-09T09:00:00+05:45,289.50537
1666,2024-07-09T10:00:00+05:45,487.57617
1667,2024-07-09T11:00:00+05:45,361.08374
1668,2024-07-09T12:00:00+05:45,129.01643
1669,2024-07-09T13:00:00+05:45,187.16249
1670,2024-07-09T14:00:00+05:45,206.29993
1671,2024-07-09T15:00:00+05:45,152.45404
1672,2024-07-09T16:00:00+05:45,176.57814
1673,2024-07-09T17:00:00+05:45,161.00348
1674,2024-07-09T18:00:00+05:45,115.68344
1675,2024-07-09T19:00:00+05:45,117.14996
1676,2024-07-09T20:00:00+05:45,214.71869
1677,2024-07-09T21:00:00+05:45,201.20985
1678,2024-07-09T22:00:00+05:45,200.41362
1679,2024-07-09T23:00:00+05:45,199.25447
1680,2024-07-10T00:00:00+05:45,110.93732
1681,2024-07-10T01:00:00+05:45,157.91971
1682,2024-07-10T02:00:00+05:45,201.13483
1683,2024-07-10T03:00:00+05:45,239.21204
1684,2024-07-10T04:00:00+05:45,254.15396
1685,2024-07-10T05:00:00+05:45,492.16724
1686,2024-07-10T06:00:00+05:45,261.979
1687,2024-07-10T07:00:00+05:45,104.54567
1688,2024-07-10T08:00:00+05:45,289.4773
1689,2024-07-10T09:00:00+05:45,230.9347
1690,2024-07-10T10:00:00+05:45,389.38257
1691,2024-07-10T11:00:00+05:45,31.591415
1692,2024-07-10T12:00:00+05:45,16.969727
1693,2024-07-10T13:00:00+05:45,19.738495
1694,2024-07-10T14:00:00+05:45,24.459076
1695,2024-07-10T15:00:00+05:45,36.570618
1696,2024-07-10T16:00:00+05:45,107.14111
1697,2024-07-10T17:00:00+05:45,119.461334
1698,2024-07-10T18:00:00+05:45,95.62572
1699,2024-07-10T19:00:00+05:45,174.03905
1700,2024-07-10T20:00:00+05:45,118.69841
1701,2024-07-10T21:00:00+05:45,90.69862
1702,2024-07-10T22:00:00+05:45,82.20442
1703,2024-07-10T23:00:00+05:45,86.36687
1704,2024-07-11T00:00:00+05:45,177.77292
1705,2024-07-11T01:00:00+05:45,222.78163
1706,2024-07-11T02:00:00+05:45,184.82838
1707,2024-07-11T03:00:00+05:45,176.92694
1708,2024-07-11T04:00:00+05:45,207.8403
1709,2024-07-11T05:00:00+05:45,174.77742
1710,2024-07-11T06:00:00+05:45,206.72717
1711,2024-07-11T07:00:00+05:45,376.6162
1712,2024-07-11T08:00:00+05:45,417.4192
1713,2024-07-11T09:00:00+05:45,636.12646
1714,2024-07-11T10:00:00+05:45,242.07417
1715,2024-07-11T11:00:00+05:45,155.25624
1716,2024-07-11T12:00:00+05:45,150.76744
1717,2024-07-11T13:00:00+05:45,158.28748
1718,2024-07-11T14:00:00+05:45,237.42302
1719,2024-07-11T15:00:00+05:45,305.61108
1720,2024-07-11T16:00:00+05:45,406.27905
1721,2024-07-11T17:00:00+05:45,405.6975
1722,2024-07-11T18:00:00+05:45,309.43408
1723,2024-07-11T19:00:00+05:45,390.32056
1724,2024-07-11T20:00:00+05:45,476.2102
1725,2024-07-11T21:00:00+05:45,635.7771
1726,2024-07-11T22:00:00+05:45,286.25464
1727,2024-07-11T23:00:00+05:45,288.239
1728,2024-07-12T00:00:00+05:45,174.72221
1729,2024-07-12T01:00:00+05:45,127.781906
1730,2024-07-12T02:00:00+05:45,228.45409
1731,2024-07-12T03:00:00+05:45,387.35693
1732,2024-07-12T04:00:00+05:45,1003.58887
1733,2024-07-12T05:00:00+05:45,922.937
1734,2024-07-12T06:00:00+05:45,1100.2864
1735,2024-07-12T07:00:00+05:45,1886.0642
1736,2024-07-12T08:00:00+05:45,894.57446
1737,2024-07-12T09:00:00+05:45,523.7434
1738,2024-07-12T10:00:00+05:45,494.0901
1739,2024-07-12T11:00:00+05:45,366.13184
1740,2024-07-12T12:00:00+05:45,184.72151
1741,2024-07-12T13:00:00+05:45,181.59053
1742,2024-07-12T14:00:00+05:45,133.9198
1743,2024-07-12T15:00:00+05:45,160.13907
1744,2024-07-12T16:00:00+05:45,206.67667
1745,2024-07-12T17:00:00+05:45,243.56165
1746,2024-07-12T18:00:00+05:45,229.73978
1747,2024-07-12T19:00:00+05:45,163.50189
1748,2024-07-12T20:00:00+05:45,118.65161
1749,2024-07-12T21:00:00+05:45,96.719696
1750,2024-07-12T22:00:00+05:45,134.31593
1751,2024-07-12T23:00:00+05:45,181.44023
1752,2024-07-13T00:00:00+05:45,150.50569
1753,2024-07-13T01:00:00+05:45,193.65271
1754,2024-07-13T02:00:00+05:45,146.35
1755,2024-07-13T03:00:00+05:45,162.13739
1756,2024-07-13T04:00:00+05:45,312.54785
1757,2024-07-13T05:00:00+05:45,459.4558
1758,2024-07-13T06:00:00+05:45,1342.248
1759,2024-07-13T07:00:00+05:45,978.87036
1760,2024-07-13T08:00:00+05:45,745.2705
1761,2024-07-13T09:00:00+05:45,1177.2854
1762,2024-07-13T10:00:00+05:45,618.58765
1763,2024-07-13T11:00:00+05:45,1148.3047
1764,2024-07-13T12:00:00+05:45,974.00806
1765,2024-07-13T13:00:00+05:45,391.41284
1766,2024-07-13T14:00:00+05:45,274.2942
1767,2024-07-13T15:00:00+05:45,258.42603
1768,2024-07-13T16:00:00+05:45,265.65576
1769,2024-07-13T17:00:00+05:45,276.49634
1770,2024-07-13T18:00:00+05:45,236.40352
1771,2024-07-13T19:00:00+05:45,265.02295
1772,2024-07-13T20:00:00+05:45,222.63867
1773,2024-07-13T21:00:00+05:45,166.26065
1774,2024-07-13T22:00:00+05:45,63.65886
1775,2024-07-13T23:00:00+05:45,71.82132
1776,2024-07-14T00:00:00+05:45,63.4711
1777,2024-07-14T01:00:00+05:45,82.51306
1778,2024-07-14T02:00:00+05:45,104.79936
1779,2024-07-14T03:00:00+05:45,193.52855
1780,2024-07-14T04:00:00+05:45,590.6316
1781,2024-07-14T05:00:00+05:45,902.47266
1782,2024-07-14T06:00:00+05:45,977.33374
1783,2024-07-14T07:00:00+05:45,1049.0115
1784,2024-07-14T08:00:00+05:45,997.09985
1785,2024-07-14T09:00:00+05:45,1135.6162
1786,2024-07-14T10:00:00+05:45,1132.4807
1787,2024-07-14T11:00:00+05:45,1064.2317
1788,2024-07-14T12:00:00+05:45,495.281
1789,2024-07-14T13:00:00+05:45,534.3076
1790,2024-07-14T14:00:00+05:45,574.8069
1791,2024-07-14T15:00:00+05:45,591.3428
1792,2024-07-14T16:00:00+05:45,550.84937
1793,2024-07-14T17:00:00+05:45,454.4375
1794,2024-07-14T18:00:00+05:45,382.36646
1795,2024-07-14T19:00:00+05:45,306.77466
1796,2024-07-14T20:00:00+05:45,178.24023
1797,2024-07-14T21:00:00+05:45,153.28403
1798,2024-07-14T22:00:00+05:45,116.51111
1799,2024-07-14T23:00:00+05:45,67.70503
1800,2024-07-15T00:00:00+05:45,63.45157
1801,2024-07-15T01:00:00+05:45,102.15028
1802,2024-07-15T02:00:00+05:45,86.153305
1803,2024-07-15T03:00:00+05:45,201.27618
1804,2024-07-15T04:00:00+05:45,513.1692
1805,2024-07-15T05:00:00+05:45,1156.5381
1806,2024-07-15T06:00:00+05:45,1962.3662
1807,2024-07-15T07:00:00+05:45,2240.69
1808,2024-07-15T08:00:00+05:45,1994.6426
1809,2024-07-15T09:00:00+05:45,2181.9795
1810,2024-07-15T10:00:00+05:45,1283.3352
1811,2024-07-15T11:00:00+05:45,836.8364
1812,2024-07-15T12:00:00+05:45,808.4204
1813,2024-07-15T13:00:00+05:45,424.22217
1814,2024-07-15T14:00:00+05:45,616.0725
1815,2024-07-15T15:00:00+05:45,605.8584
1816,2024-07-15T16:00:00+05:45,548.2102
1817,2024-07-15T17:00:00+05:45,557.67334
1818,2024-07-15T18:00:00+05:45,584.5198
1819,2024-07-15T19:00:00+05:45,565.5874
1820,2024-07-15T20:00:00+05:45,574.77954
1821,2024-07-15T21:00:00+05:45,438.6836
1822,2024-07-15T22:00:00+05:45,44.977448
1823,2024-07-15T23:00:00+05:45,36.641876
1824,2024-07-16T00:00:00+05:45,54.62401
1825,2024-07-16T01:00:00+05:45,74.65616
1826,2024-07-16T02:00:00+05:45,248.91867
1827,2024-07-16T03:00:00+05:45,224.05237
1828,2024-07-16T04:00:00+05:45,239.83586
1829,2024-07-16T05:00:00+05:45,242.40224
1830,2024-07-16T06:00:00+05:45,331.73096
1831,2024-07-16T07:00:00+05:45,150.17516
1832,2024-07-16T08:00:00+05:45,47.3864
1833,2024-07-16T09:00:00+05:45,28.516052
1834,2024-07-16T10:00:00+05:45,174.27
1835,2024-07-16T11:00:00+05:45,157.51282
1836,2024-07-16T12:00:00+05:45,224.60416
1837,2024-07-16T13:00:00+05:45,117.03877
1838,2024-07-16T14:00:00+05:45,122.33351
1839,2024-07-16T15:00:00+05:45,95.76195
1840,2024-07-16T16:00:00+05:45,95.05452
1841,2024-07-16T17:00:00+05:45,104.899506
1842,2024-07-16T18:00:00+05:45,143.08339
1843,2024-07-16T19:00:00+05:45,172.66582
1844,2024-07-16T20:00:00+05:45,246.32881
1845,2024-07-16T21:00:00+05:45,175.26399
1846,2024-07-16T22:00:00+05:45,162.2425
1847,2024-07-16T23:00:00+05:45,170.1584
1848,2024-07-17T00:00:00+05:45,157.7485
1849,2024-07-17T01:00:00+05:45,271.4707
1850,2024-07-17T02:00:00+05:45,392.2456
1851,2024-07-17T03:00:00+05:45,277.10645
1852,2024-07-17T04:00:00+05:45,194.19675
1853,2024-07-17T05:00:00+05:45,80.60518
1854,2024-07-17T06:00:00+05:45,110.5822
1855,2024-07-17T07:00:00+05:45,245.2644
1856,2024-07-17T08:00:00+05:45,535.23755
1857,2024-07-17T09:00:00+05:45,626.1643
1858,2024-07-17T10:00:00+05:45,228.77748
1859,2024-07-17T11:00:00+05:45,260.83228
1860,2024-07-17T12:00:00+05:45,254.93721
1861,2024-07-17T13:00:00+05:45,265.17456
1862,2024-07-17T14:00:00+05:45,316.35693
1863,2024-07-17T15:00:00+05:45,378.38525
1864,2024-07-17T16:00:00+05:45,397.14868
1865,2024-07-17T17:00:00+05:45,511.6665
1866,2024-07-17T18:00:00+05:45,433.02588
1867,2024-07-17T19:00:00+05:45,306.69824
1868,2024-07-17T20:00:00+05:45,274.292
1869,2024-07-17T21:00:00+05:45,276.094
1870,2024-07-17T22:00:00+05:45,198.70241
1871,2024-07-17T23:00:00+05:45,257.5664
1872,2024-07-18T00:00:00+05:45,229.90024
1873,2024-07-18T01:00:00+05:45,206.38899
1874,2024-07-18T02:00:00+05:45,247.82303
1875,2024-07-18T03:00:00+05:45,319.25244
1876,2024-07-18T04:00:00+05:45,313.77417
1877,2024-07-18T05:00:00+05:45,222.53783
1878,2024-07-18T06:00:00+05:45,145.54062
1879,2024-07-18T07:00:00+05:45,226.86221
1880,2024-07-18T08:00:00+05:45,278.59106
1881,2024-07-18T09:00:00+05:45,540.65015
1882,2024-07-18T10:00:00+05:45,296.10693
1883,2024-07-18T11:00:00+05:45,292.2727
1884,2024-07-18T12:00:00+05:45,128.84927
1885,2024-07-18T13:00:00+05:45,148.10721
1886,2024-07-18T14:00:00+05:45,149.09367
1887,2024-07-18T15:00:00+05:45,173.16075
1888,2024-07-18T16:00:00+05:45,317.29932
1889,2024-07-18T17:00:00+05:45,383.92114
1890,2024-07-18T18:00:00+05:45,356.85425
1891,2024-07-18T19:00:00+05:45,332.82715
1892,2024-07-18T20:00:00+05:45,268.4463
1893,2024-07-18T21:00:00+05:45,246.3106
1894,2024-07-18T22:00:00+05:45,212.15558
1895,2024-07-18T23:00:00+05:45,163.55022
1896,2024-07-19T00:00:00+05:45,171.41881
1897,2024-07-19T01:00:00+05:45,119.168
1898,2024-07-19T02:00:00+05:45,85.99437
1899,2024-07-19T03:00:00+05:45,88.00406
1900,2024-07-19T04:00:00+05:45,208.76935
1901,2024-07-19T05:00:00+05:45,335.7959
1902,2024-07-19T06:00:00+05:45,823.9197
1903,2024-07-19T07:00:00+05:45,1649.2549
1904,2024-07-19T08:00:00+05:45,2203.0635
1905,2024-07-19T09:00:00+05:45,1631.6672
1906,2024-07-19T10:00:00+05:45,313.9275
1907,2024-07-19T11:00:00+05:45,210.45924
1908,2024-07-19T12:00:00+05:45,289.95435
1909,2024-07-19T13:00:00+05:45,253.72708
1910,2024-07-19T14:00:00+05:45,274.51343
1911,2024-07-19T15:00:00+05:45,293.6228
1912,2024-07-19T16:00:00+05:45,295.90723
1913,2024-07-19T17:00:00+05:45,326.38867
1914,2024-07-19T18:00:00+05:45,396.73047
1915,2024-07-19T19:00:00+05:45,403.58813
1916,2024-07-19T20:00:00+05:45,371.95166
1917,2024-07-19T21:00:00+05:45,317.11084
1918,2024-07-19T22:00:00+05:45,244.31848
1919,2024-07-19T23:00:00+05:45,136.61273
1920,2024-07-20T00:00:00+05:45,42.804794
1921,2024-07-20T01:00:00+05:45,28.896027
1922,2024-07-20T02:00:00+05:45,68.21738
1923,2024-07-20T03:00:00+05:45,43.291367
1924,2024-07-20T04:00:00+05:45,155.65962
1925,2024-07-20T05:00:00+05:45,600.2969
1926,2024-07-20T06:00:00+05:45,742.3308
1927,2024-07-20T07:00:00+05:45,1016.44336
1928,2024-07-20T08:00:00+05:45,1618.5295
1929,2024-07-20T09:00:00+05:45,1864.3616
1930,2024-07-20T10:00:00+05:45,1675.5339
1931,2024-07-20T11:00:00+05:45,1601.3865
1932,2024-07-20T12:00:00+05:45,1061.6401
1933,2024-07-20T13:00:00+05:45,382.21826
1934,2024-07-20T14:00:00+05:45,409.82446
1935,2024-07-20T15:00:00+05:45,442.5227
1936,2024-07-20T16:00:00+05:45,372.75195
1937,2024-07-20T17:00:00+05:45,355.70435
1938,2024-07-20T18:00:00+05:45,245.93486
1939,2024-07-20T19:00:00+05:45,222.23317
1940,2024-07-20T20:00:00+05:45,238.68973
1941,2024-07-20T21:00:00+05:45,129.26205
1942,2024-07-20T22:00:00+05:45,17.710327
1943,2024-07-20T23:00:00+05:45,5.141017
1944,2024-07-21T00:00:00+05:45,8.740835
1945,2024-07-21T01:00:00+05:45,18.810364
1946,2024-07-21T02:00:00+05:45,7.8716383
1947,2024-07-21T03:00:00+05:45,24.02478
1948,2024-07-21T04:00:00+05:45,209.72543
1949,2024-07-21T05:00:00+05:45,146.33772
1950,2024-07-21T06:00:00+05:45,228.45721
1951,2024-07-21T07:00:00+05:45,525.41455
1952,2024-07-21T08:00:00+05:45,689.2407
1953,2024-07-21T09:00:00+05:45,715.03076
1954,2024-07-21T10:00:00+05:45,1480.8276
1955,2024-07-21T11:00:00+05:45,215.32875
1956,2024-07-21T12:00:00+05:45,315.12793
1957,2024-07-21T13:00:00+05:45,348.21606
1958,2024-07-21T14:00:00+05:45,357.20288
1959,2024-07-21T15:00:00+05:45,376.06445
1960,2024-07-21T16:00:00+05:45,409.32153
1961,2024-07-21T17:00:00+05:45,307.92725
1962,2024-07-21T18:00:00+05:45,227.3389
1963,2024-07-21T19:00:00+05:45,253.48613
1964,2024-07-21T20:00:00+05:45,301.20386
1965,2024-07-21T21:00:00+05:45,314.65356
1966,2024-07-21T22:00:00+05:45,238.7152
1967,2024-07-21T23:00:00+05:45,219.014
1968,2024-07-22T00:00:00+05:45,198.70898
1969,2024-07-22T01:00:00+05:45,198.38678
1970,2024-07-22T02:00:00+05:45,216.65161
1971,2024-07-22T03:00:00+05:45,196.25926
1972,2024-07-22T04:00:00+05:45,192.76949
1973,2024-07-22T05:00:00+05:45,184.26875
1974,2024-07-22T06:00:00+05:45,301.41724
1975,2024-07-22T07:00:00+05:45,633.9617
1976,2024-07-22T08:00:00+05:45,873.7683
1977,2024-07-22T09:00:00+05:45,459.55737
1978,2024-07-22T10:00:00+05:45,1026.928
1979,2024-07-22T11:00:00+05:45,1249.2019
1980,2024-07-22T12:00:00+05:45,784.82935
1981,2024-07-22T13:00:00+05:45,452.41357
1982,2024-07-22T14:00:00+05:45,465.5952
1983,2024-07-22T15:00:00+05:45,474.9939
1984,2024-07-22T16:00:00+05:45,309.02197
1985,2024-07-22T17:00:00+05:45,252.89674
1986,2024-07-22T18:00:00+05:45,195.31255
1987,2024-07-22T19:00:00+05:45,177.31224
1988,2024-07-22T20:00:00+05:45,187.01167
1989,2024-07-22T21:00:00+05:45,173.08893
1990,2024-07-22T22:00:00+05:45,234.61237
1991,2024-07-22T23:00:00+05:45,206.1083
1992,2024-07-23T00:00:00+05:45,149.36565
1993,2024-07-23T01:00:00+05:45,159.21825
1994,2024-07-23T02:00:00+05:45,158.01247
1995,2024-07-23T03:00:00+05:45,295.45923
1996,2024-07-23T04:00:00+05:45,411.95068
1997,2024-07-23T05:00:00+05:45,235.11577
1998,2024-07-23T06:00:00+05:45,292.2036
1999,2024-07-23T07:00:00+05:45,199.73282
2000,2024-07-23T08:00:00+05:45,295.54395
2001,2024-07-23T09:00:00+05:45,412.57007
2002,2024-07-23T10:00:00+05:45,465.98535
2003,2024-07-23T11:00:00+05:45,174.18628
2004,2024-07-23T12:00:00+05:45,250.5396
2005,2024-07-23T13:00:00+05:45,257.16895
2006,2024-07-23T14:00:00+05:45,279.67017
2007,2024-07-23T15:00:00+05:45,333.6953
2008,2024-07-23T16:00:00+05:45,243.68288
2009,2024-07-23T17:00:00+05:45,234.70068
2010,2024-07-23T18:00:00+05:45,238.79869
2011,2024-07-23T19:00:00+05:45,223.55693
2012,2024-07-23T20:00:00+05:45,217.20891
2013,2024-07-23T21:00:00+05:45,143.33583
2014,2024-07-23T22:00:00+05:45,137.1601
2015,2024-07-23T23:00:00+05:45,81.059875
2016,2024-07-24T00:00:00+05:45,38.017044
2017,2024-07-24T01:00:00+05:45,18.23761
2018,2024-07-24T02:00:00+05:45,29.087463
2019,2024-07-24T03:00:00+05:45,96.03107
2020,2024-07-24T04:00:00+05:45,381.98364
2021,2024-07-24T05:00:00+05:45,549.2268
2022,2024-07-24T06:00:00+05:45,1140.0249
2023,2024-07-24T07:00:00+05:45,1730.8589
2024,2024-07-24T08:00:00+05:45,1971.3457
2025,2024-07-24T09:00:00+05:45,2113.2725
2026,2024-07-24T10:00:00+05:45,1370.8325
2027,2024-07-24T11:00:00+05:45,1215.9583
2028,2024-07-24T12:00:00+05:45,1157.6682
2029,2024-07-24T13:00:00+05:45,441.38306
2030,2024-07-24T14:00:00+05:45,461.8235
2031,2024-07-24T15:00:00+05:45,588.8533
2032,2024-07-24T16:00:00+05:45,502.06128
2033,2024-07-24T17:00:00+05:45,484.15283
2034,2024-07-24T18:00:00+05:45,474.97998
2035,2024-07-24T19:00:00+05:45,375.1836
2036,2024-07-24T20:00:00+05:45,355.7788
2037,2024-07-24T21:00:00+05:45,251.35867
2038,2024-07-24T22:00:00+05:45,223.3317
2039,2024-07-24T23:00:00+05:45,91.35231
2040,2024-07-25T00:00:00+05:45,69.76082
2041,2024-07-25T01:00:00+05:45,83.780075
2042,2024-07-25T02:00:00+05:45,212.68767
2043,2024-07-25T03:00:00+05:45,1354.7903
2044,2024-07-25T04:00:00+05:45,1664.8857
2045,2024-07-25T05:00:00+05:45,1828.1184
2046,2024-07-25T06:00:00+05:45,2185.6511
2047,2024-07-25T07:00:00+05:45,2969.209
2048,2024-07-25T08:00:00+05:45,1931.3196
2049,2024-07-25T09:00:00+05:45,2351.547
2050,2024-07-25T10:00:00+05:45,1278.3232
2051,2024-07-25T11:00:00+05:45,1283.9285
2052,2024-07-25T12:00:00+05:45,972.64795
2053,2024-07-25T13:00:00+05:45,526.70996
2054,2024-07-25T14:00:00+05:45,665.30664
2055,2024-07-25T15:00:00+05:45,748.28735
2056,2024-07-25T16:00:00+05:45,807.0112
2057,2024-07-25T17:00:00+05:45,849.9844
2058,2024-07-25T18:00:00+05:45,893.8623
2059,2024-07-25T19:00:00+05:45,763.7112
2060,2024-07-25T20:00:00+05:45,447.62354
2061,2024-07-25T21:00:00+05:45,411.6394
2062,2024-07-25T22:00:00+05:45,231.47781
2063,2024-07-25T23:00:00+05:45,136.06546
2064,2024-07-26T00:00:00+05:45,133.11711
2065,2024-07-26T01:00:00+05:45,138.89902
2066,2024-07-26T02:00:00+05:45,378.8672
2067,2024-07-26T03:00:00+05:45,324.30005
2068,2024-07-26T04:00:00+05:45,633.6157
2069,2024-07-26T05:00:00+05:45,1290.9202
2070,2024-07-26T06:00:00+05:45,1477.2993
2071,2024-07-26T07:00:00+05:45,2053.907
2072,2024-07-26T08:00:00+05:45,2507.4124
2073,2024-07-26T09:00:00+05:45,3137.6116
2074,2024-07-26T10:00:00+05:45,3320.0747
2075,2024-07-26T11:00:00+05:45,2634.6794
2076,2024-07-26T12:00:00+05:45,1301.491
2077,2024-07-26T13:00:00+05:45,1662.7712
2078,2024-07-26T14:00:00+05:45,1718.5522
2079,2024-07-26T15:00:00+05:45,1690.9983
2080,2024-07-26T16:00:00+05:45,1610.738
2081,2024-07-26T17:00:00+05:45,1498.269
2082,2024-07-26T18:00:00+05:45,1352.2544
2083,2024-07-26T19:00:00+05:45,1200.1553
2084,2024-07-26T20:00:00+05:45,1105.1934
2085,2024-07-26T21:00:00+05:45,894.72974
2086,2024-07-26T22:00:00+05:45,413.1997
2087,2024-07-26T23:00:00+05:45,367.78247
2088,2024-07-27T00:00:00+05:45,218.37619
2089,2024-07-27T01:00:00+05:45,413.86646
2090,2024-07-27T02:00:00+05:45,669.2837
2091,2024-07-27T03:00:00+05:45,681.7263
2092,2024-07-27T04:00:00+05:45,1018.83887
2093,2024-07-27T05:00:00+05:45,1638.0884
2094,2024-07-27T06:00:00+05:45,2693.202
2095,2024-07-27T07:00:00+05:45,2902.9077
2096,2024-07-27T08:00:00+05:45,2444.8862
2097,2024-07-27T09:00:00+05:45,2059.3665
2098,2024-07-27T10:00:00+05:45,2226.4326
2099,2024-07-27T11:00:00+05:45,2351.6833
2100,2024-07-27T12:00:00+05:45,1930.251
2101,2024-07-27T13:00:00+05:45,2176.75
2102,2024-07-27T14:00:00+05:45,2383.2534
2103,2024-07-27T15:00:00+05:45,2430.8252
2104,2024-07-27T16:00:00+05:45,2282.547
2105,2024-07-27T17:00:00+05:45,2023.4861
2106,2024-07-27T18:00:00+05:45,1052.6133
2107,2024-07-27T19:00:00+05:45,866.2141
2108,2024-07-27T20:00:00+05:45,856.37305
2109,2024-07-27T21:00:00+05:45,781.67065
2110,2024-07-27T22:00:00+05:45,500.7141
2111,2024-07-27T23:00:00+05:45,432.76123
2112,2024-07-28T00:00:00+05:45,364.5061
2113,2024-07-28T01:00:00+05:45,320.9812
2114,2024-07-28T02:00:00+05:45,468.26538
2115,2024-07-28T03:00:00+05:45,401.21777
2116,2024-07-28T04:00:00+05:45,396.4043
2117,2024-07-28T05:00:00+05:45,374.3833
2118,2024-07-28T06:00:00+05:45,339.31323
2119,2024-07-28T07:00:00+05:45,362.2173
2120,2024-07-28T08:00:00+05:45,334.74902
2121,2024-07-28T09:00:00+05:45,365.94385
2122,2024-07-28T10:00:00+05:45,1327.3406
2123,2024-07-28T11:00:00+05:45,1192.1543
2124,2024-07-28T12:00:00+05:45,1122.2041
2125,2024-07-28T13:00:00+05:45,1122.0137
2126,2024-07-28T14:00:00+05:45,1271.2561
2127,2024-07-28T15:00:00+05:45,1281.6343
2128,2024-07-28T16:00:00+05:45,1317.6448
2129,2024-07-28T17:00:00+05:45,1165.4402
2130,2024-07-28T18:00:00+05:45,1033.2839
2131,2024-07-28T19:00:00+05:45,669.8562
2132,2024-07-28T20:00:00+05:45,524.2058
2133,2024-07-28T21:00:00+05:45,424.9519
2134,2024-07-28T22:00:00+05:45,105.76546
2135,2024-07-28T23:00:00+05:45,31.717377
2136,2024-07-29T00:00:00+05:45,30.059204
2137,2024-07-29T01:00:00+05:45,15.961113
2138,2024-07-29T02:00:00+05:45,231.85117
2139,2024-07-29T03:00:00+05:45,110.86336
2140,2024-07-29T04:00:00+05:45,127.31746
2141,2024-07-29T05:00:00+05:45,311.41406
2142,2024-07-29T06:00:00+05:45,245.25414
2143,2024-07-29T07:00:00+05:45,242.3483
2144,2024-07-29T08:00:00+05:45,167.08115
2145,2024-07-29T09:00:00+05:45,312.11914
2146,2024-07-29T10:00:00+05:45,315.1172
2147,2024-07-29T11:00:00+05:45,460.35376
2148,2024-07-29T12:00:00+05:45,676.54956
2149,2024-07-29T13:00:00+05:45,966.1719
2150,2024-07-29T14:00:00+05:45,697.3821
2151,2024-07-29T15:00:00+05:45,615.88135
2152,2024-07-29T16:00:00+05:45,518.45996
2153,2024-07-29T17:00:00+05:45,566.75464
2154,2024-07-29T18:00:00+05:45,407.19678
2155,2024-07-29T19:00:00+05:45,316.22827
2156,2024-07-29T20:00:00+05:45,241.49713
2157,2024-07-29T21:00:00+05:45,176.0008
2158,2024-07-29T22:00:00+05:45,228.51173
2159,2024-07-29T23:00:00+05:45,217.45045
2160,2024-07-30T00:00:00+05:45,197.03032
2161,2024-07-30T01:00:00+05:45,230.56776
2162,2024-07-30T02:00:00+05:45,227.67668
2163,2024-07-30T03:00:00+05:45,217.94109
2164,2024-07-30T04:00:00+05:45,228.53355
2165,2024-07-30T05:00:00+05:45,228.68222
2166,2024-07-30T06:00:00+05:45,243.20981
2167,2024-07-30T07:00:00+05:45,450.354
2168,2024-07-30T08:00:00+05:45,554.48706
2169,2024-07-30T09:00:00+05:45,773.59814
2170,2024-07-30T10:00:00+05:45,836.7793
2171,2024-07-30T11:00:00+05:45,906.9131
2172,2024-07-30T12:00:00+05:45,865.8323
2173,2024-07-30T13:00:00+05:45,1059.1628
2174,2024-07-30T14:00:00+05:45,814.79565
2175,2024-07-30T15:00:00+05:45,764.7656
2176,2024-07-30T16:00:00+05:45,633.5598
2177,2024-07-30T17:00:00+05:45,432.02466
2178,2024-07-30T18:00:00+05:45,328.41602
2179,2024-07-30T19:00:00+05:45,409.31348
2180,2024-07-30T20:00:00+05:45,479.53784
2181,2024-07-30T21:00:00+05:45,415.78394
2182,2024-07-30T22:00:00+05:45,155.41284
2183,2024-07-30T23:00:00+05:45,66.349365
2184,2024-07-31T00:00:00+05:45,29.84526
2185,2024-07-31T01:00:00+05:45,49.985535
2186,2024-07-31T02:00:00+05:45,227.1828
2187,2024-07-31T03:00:00+05:45,396.2771
2188,2024-07-31T04:00:00+05:45,394.813
2189,2024-07-31T05:00:00+05:45,381.302
2190,2024-07-31T06:00:00+05:45,376.59253
2191,2024-07-31T07:00:00+05:45,492.8225
2192,2024-07-31T08:00:00+05:45,965.22485
2193,2024-07-31T09:00:00+05:45,817.3606
2194,2024-07-31T10:00:00+05:45,314.47852
2195,2024-07-31T11:00:00+05:45,190.9105
2196,2024-07-31T12:00:00+05:45,439.167
2197,2024-07-31T13:00:00+05:45,674.95996
2198,2024-07-31T14:00:00+05:45,612.45044
2199,2024-07-31T15:00:00+05:45,753.2156
2200,2024-07-31T16:00:00+05:45,710.5642
2201,2024-07-31T17:00:00+05:45,663.4531
2202,2024-07-31T18:00:00+05:45,593.36743
2203,2024-07-31T19:00:00+05:45,510.31348
2204,2024-07-31T20:00:00+05:45,421.16602
2205,2024-07-31T21:00:00+05:45,466.1731
2206,2024-07-31T22:00:00+05:45,619.56934
2207,2024-07-31T23:00:00+05:45,608.1665
