Flash time (UTC),Lat,Lon,Radiance,Milliseconds,Groups,Events,Orbit-ID
2023-075T12:57:46.9200Z [Mar,28.341,84.455,2085275,1024,44,201,122525
2023-075T12:58:03.6990Z [Mar,28.290,84.018,31227,1,2,7,122525
2023-075T12:58:08.6566Z [Mar,28.286,84.499,76709,17,2,11,122525
2023-075T12:58:30.2299Z [Mar,28.282,84.482,849394,103,11,56,122525
2023-075T12:58:58.3818Z [Mar,28.301,84.498,448091,370,19,54,122525
2023-075T21:09:50.3721Z [Mar,27.490,84.669,664386,606,21,43,200952
2023-075T21:09:53.4584Z [Mar,27.481,84.570,13610,0,1,2,200952
2023-075T21:09:56.8056Z [Mar,27.451,84.592,20100,9,2,4,200952
2023-075T21:10:02.0406Z [Mar,27.193,85.219,91748,290,8,12,200952
2023-075T21:10:02.4973Z [Mar,27.414,84.609,5025,0,1,1,200952
2023-075T21:10:04.3756Z [Mar,27.097,84.901,5025,0,1,1,200952
2023-075T21:10:06.5273Z [Mar,27.472,84.597,5734,0,1,1,200952
2023-075T21:10:10.4649Z [Mar,27.461,84.588,12117,123,2,2,200952
2023-075T21:10:12.5719Z [Mar,27.021,84.850,22274,122,3,5,200952
2023-075T21:10:14.0437Z [Mar,27.408,84.623,36648,0,1,6,200952
2023-075T21:10:14.1030Z [Mar,27.434,84.534,99060,3,3,9,200952
2023-075T21:10:15.0271Z [Mar,26.914,84.827,56056,119,4,7,200952
2023-075T21:10:15.5069Z [Mar,26.871,84.902,6448,0,1,1,200952
2023-075T21:10:23.3504Z [Mar,27.242,85.222,168500,358,8,17,200952
2023-075T21:10:23.7303Z [Mar,27.022,84.810,16747,239,2,2,200952
2023-075T21:10:24.1579Z [Mar,27.017,84.923,154877,755,16,28,200952
2023-079T11:23:34.6464Z [Mar,27.449,84.834,186886,55,3,16,105130
2023-079T11:23:37.0011Z [Mar,27.542,84.912,60823,15,5,9,105130
2023-079T11:23:51.2441Z [Mar,27.257,84.716,636867,474,13,61,105130
2023-079T11:24:24.3139Z [Mar,27.322,84.771,448571,146,10,39,105130
2023-079T11:24:36.8276Z [Mar,27.336,84.771,146062,94,4,14,105130
2023-079T11:24:42.1325Z [Mar,27.400,84.896,105810,2,2,12,105130
2023-079T11:24:48.5428Z [Mar,27.432,84.902,80470,3,3,10,105130
2023-079T11:24:57.8317Z [Mar,27.344,84.772,197545,252,7,17,105130
2023-080T10:36:37.8081Z [Mar,27.700,85.400,184222,336,7,17,100444
2023-083T09:50:51.0905Z [Mar,28.350,84.512,195250,279,12,21,91706
2023-090T07:26:27.2601Z [Mar,27.997,84.143,649988,773,23,48,65341
2023-090T07:26:27.4661Z [Mar,28.034,84.131,444887,685,15,42,65341
2023-090T07:27:45.8818Z [Mar,28.330,84.381,126670,4,3,9,65341
2023-091T06:40:05.1243Z [Apr,27.383,84.174,129100,123,4,11,60655
2023-091T06:40:09.8116Z [Apr,27.449,84.082,255627,169,14,31,60655
2023-113T06:53:27.4038Z [Apr,28.064,85.701,162963,579,8,16,55125
2023-113T21:52:34.5116Z [Apr,26.557,84.987,1275774,608,31,111,211944
2023-133T13:47:01.8443Z [May,27.813,85.931,40480,53,3,5,131456
2023-133T13:47:51.8930Z [May,27.807,85.945,65573,162,7,9,131456
2023-133T13:48:19.2907Z [May,27.848,85.974,22553,0,1,3,131456
2023-136T12:57:26.0467Z [May,27.764,84.151,324281,254,8,23,122505
2023-136T12:57:26.5748Z [May,27.709,84.244,74055,238,3,8,122505
2023-136T12:57:27.1602Z [May,27.663,84.322,25845,0,1,4,122505
2023-136T12:57:27.6306Z [May,27.786,84.116,50321,160,3,5,122505
2023-136T12:57:29.7854Z [May,27.703,84.247,4870,0,1,1,122505
2023-136T12:57:32.0806Z [May,27.710,84.294,841264,345,9,37,122505
2023-136T12:57:32.1234Z [May,27.745,84.209,275029,191,6,21,122505
2023-136T12:57:32.3043Z [May,27.766,84.097,203124,168,5,17,122505
2023-136T12:57:34.1198Z [May,27.800,84.057,535218,442,17,49,122505
2023-136T12:57:35.1461Z [May,27.699,84.224,58414,1,2,6,122505
2023-136T12:57:35.3732Z [May,27.820,84.135,89130,0,1,6,122505
2023-136T12:57:37.7613Z [May,27.722,84.117,13192,5,2,2,122505
2023-136T12:57:38.4095Z [May,27.660,84.327,27850,0,1,4,122505
2023-136T12:57:38.8000Z [May,27.627,84.091,54992,19,2,12,122505
2023-136T12:57:38.8015Z [May,27.712,84.253,9740,20,2,2,122505
2023-136T12:57:39.2673Z [May,27.760,84.082,56987,99,4,7,122505
2023-136T12:57:41.7199Z [May,27.785,84.164,468778,474,17,42,122505
2023-136T12:57:41.9742Z [May,27.706,84.222,477736,528,14,37,122505
2023-136T12:57:44.0384Z [May,27.746,84.078,202207,367,8,23,122505
2023-136T12:57:44.5972Z [May,27.692,84.210,11129,0,1,2,122505
2023-136T12:57:44.6901Z [May,27.689,84.275,22942,0,1,4,122505
2023-136T12:57:45.3258Z [May,27.619,84.161,6250,0,1,1,122505
2023-136T12:57:46.4723Z [May,27.766,84.080,22314,70,2,3,122505
2023-136T12:57:46.9176Z [May,27.711,84.239,209247,354,11,18,122505
2023-136T12:57:48.1940Z [May,27.795,84.117,22344,0,1,3,122505
2023-136T12:57:48.7319Z [May,27.643,84.196,6945,0,1,1,122505
2023-136T12:57:49.2908Z [May,27.796,84.067,13238,35,2,3,122505
2023-136T12:57:49.7944Z [May,27.750,84.164,13896,93,2,2,122505
2023-136T12:57:50.2155Z [May,27.685,84.296,49987,0,1,4,122505
2023-136T12:57:50.2637Z [May,27.763,84.038,15310,0,1,1,122505
2023-136T12:57:51.0567Z [May,27.821,84.128,466745,202,11,36,122505
2023-136T12:57:51.4828Z [May,27.683,84.215,75809,226,5,9,122505
2023-136T12:57:55.3781Z [May,27.794,84.049,45248,78,2,6,122505
2023-136T12:57:56.5891Z [May,27.740,84.276,136275,218,4,13,122505
2023-136T12:57:57.2514Z [May,27.751,84.120,195172,55,5,14,122505
2023-136T12:57:57.9656Z [May,27.764,84.075,64343,275,3,7,122505
2023-136T12:57:58.8547Z [May,27.689,84.345,85440,148,4,7,122505
2023-136T12:58:01.3849Z [May,27.627,84.244,20162,17,3,3,122505
2023-136T12:58:02.0546Z [May,27.700,84.229,116951,287,4,9,122505
2023-136T12:58:02.3732Z [May,27.799,84.140,195954,291,7,18,122505
2023-136T12:58:06.3193Z [May,27.677,84.191,4870,0,1,1,122505
2023-136T12:58:06.4319Z [May,27.751,84.076,44546,162,4,9,122505
2023-136T12:58:07.0081Z [May,27.797,84.059,23737,0,1,4,122505
2023-136T12:58:09.3878Z [May,27.770,84.095,69416,248,5,10,122505
2023-136T12:58:12.2291Z [May,27.727,84.212,431314,494,11,32,122505
2023-136T12:58:12.5678Z [May,27.747,84.041,12832,0,1,2,122505
2023-136T12:58:12.6928Z [May,27.747,84.107,14020,0,1,1,122505
2023-136T12:58:15.2586Z [May,27.690,84.298,33498,127,4,5,122505
2023-136T12:58:15.3907Z [May,27.615,84.193,17304,0,1,3,122505
2023-136T12:58:16.0661Z [May,27.763,84.040,122964,3,3,15,122505
2023-136T12:58:16.6997Z [May,27.657,84.210,503672,361,22,37,122505
2023-136T12:58:17.5630Z [May,27.649,84.282,5025,0,1,1,122505
2023-136T12:58:19.2146Z [May,27.775,84.085,75311,248,8,13,122505
2023-136T12:58:19.7617Z [May,27.680,84.247,145609,39,4,12,122505
2023-136T12:58:20.0818Z [May,27.762,84.045,16504,0,1,3,122505
2023-136T12:58:21.4375Z [May,27.784,84.129,56958,39,2,6,122505
2023-136T12:58:25.6615Z [May,27.691,84.265,194602,476,12,24,122505
2023-136T12:58:25.9374Z [May,27.750,84.109,36649,111,2,4,122505
2023-136T12:58:29.2483Z [May,27.754,84.044,209115,85,3,16,122505
2023-136T12:58:30.7105Z [May,27.765,84.087,104849,317,11,17,122505
2023-136T12:58:32.5276Z [May,27.802,84.143,102842,319,3,8,122505
2023-136T12:58:33.0075Z [May,27.722,84.276,451740,320,15,33,122505
2023-136T12:58:36.7314Z [May,27.758,84.020,29332,57,3,5,122505
2023-136T12:58:37.0701Z [May,27.617,84.191,30841,85,3,5,122505
2023-136T12:58:38.9994Z [May,27.761,84.112,25412,1,2,3,122505
2023-136T12:58:40.5704Z [May,27.682,84.222,111877,362,10,12,122505
2023-136T12:58:42.2453Z [May,27.797,84.064,24369,39,3,4,122505
2023-136T12:58:44.3492Z [May,27.657,84.255,36604,184,5,7,122505
2023-136T12:58:44.7215Z [May,27.647,84.182,5025,0,1,1,122505
2023-136T12:58:44.9165Z [May,27.752,84.053,10051,0,1,2,122505
2023-136T12:58:45.5939Z [May,27.733,84.121,51488,164,5,8,122505
2023-136T12:58:46.9707Z [May,27.795,84.152,79706,164,5,11,122505
2023-136T12:58:47.9591Z [May,27.660,84.312,29642,32,3,4,122505
2023-136T12:58:52.6838Z [May,27.738,84.300,1047222,490,25,68,122505
2023-136T12:58:52.7451Z [May,27.723,84.088,70385,168,5,9,122505
2023-136T12:58:58.1776Z [May,27.635,84.238,10759,0,1,2,122505
2023-136T12:58:58.3731Z [May,27.750,84.034,9342,0,1,2,122505
2023-136T12:58:59.9450Z [May,27.655,84.237,136573,205,6,13,122505
2023-136T12:59:01.1228Z [May,27.731,84.081,135238,175,8,19,122505
2023-136T12:59:01.9743Z [May,27.635,84.204,76217,134,5,9,122505
2023-136T12:59:04.8084Z [May,27.749,84.050,25305,2,2,3,122505
2023-136T12:59:05.5677Z [May,27.737,84.112,24162,120,2,3,122505
2023-136T21:10:05.8781Z [May,27.179,85.954,144391,374,11,20,200913
2023-137T12:08:50.7501Z [May,27.301,84.201,71940,148,5,10,113728
2023-137T12:08:51.7078Z [May,27.483,84.467,146945,358,13,18,113728
2023-137T12:08:52.0731Z [May,27.313,84.346,51704,39,2,7,113728
2023-137T12:08:53.4731Z [May,27.488,84.557,178926,257,10,19,113728
2023-137T12:08:55.0126Z [May,27.486,84.542,244904,381,4,17,113728
2023-137T12:08:55.4282Z [May,27.257,84.340,82321,177,4,12,113728
2023-137T12:08:55.5609Z [May,27.211,85.113,54073,40,2,8,113728
2023-137T12:08:56.2106Z [May,27.577,84.566,144574,263,6,18,113728
2023-137T12:08:56.2769Z [May,27.318,84.913,473589,266,13,42,113728
2023-137T12:08:56.3609Z [May,27.705,84.518,112251,481,9,17,113728
2023-137T12:08:57.6507Z [May,27.453,84.484,570406,282,16,44,113728
2023-137T12:08:57.8296Z [May,27.150,85.206,61274,342,4,10,113728
2023-137T12:08:58.1557Z [May,27.339,84.364,284342,247,12,31,113728
2023-137T12:08:58.5477Z [May,27.445,84.596,52621,111,5,10,113728
2023-137T12:08:58.5909Z [May,27.138,85.089,94866,202,5,10,113728
2023-137T12:08:58.7522Z [May,27.213,84.314,43657,14,2,7,113728
2023-137T12:08:58.9276Z [May,27.050,85.145,43634,60,4,6,113728
2023-137T12:08:59.2426Z [May,27.252,85.403,100659,200,9,13,113728
2023-137T12:08:59.7185Z [May,27.432,84.562,73018,258,7,12,113728
2023-137T12:09:00.3274Z [May,27.518,84.424,256607,370,8,21,113728
2023-137T12:09:00.4656Z [May,27.372,84.315,26365,1,2,3,113728
2023-137T12:09:00.8450Z [May,27.129,85.138,320739,486,10,31,113728
2023-137T12:09:01.8354Z [May,27.756,84.639,57749,426,6,9,113728
2023-137T12:09:01.9515Z [May,27.527,84.485,216700,261,4,15,113728
2023-137T12:09:02.0681Z [May,27.696,84.407,547433,705,21,63,113728
2023-137T12:09:02.2344Z [May,27.243,84.298,79680,98,4,7,113728
2023-137T12:09:02.3545Z [May,27.228,85.339,142278,308,7,14,113728
2023-137T12:09:02.7143Z [May,27.466,84.538,101281,374,6,12,113728
2023-137T12:09:02.7912Z [May,27.270,85.587,347411,320,10,23,113728
2023-137T12:09:02.9148Z [May,27.612,84.344,58313,34,3,9,113728
2023-137T12:09:03.3082Z [May,27.563,84.588,107093,300,6,15,113728
2023-137T12:09:03.7545Z [May,27.280,85.417,855379,669,32,93,113728
2023-137T12:09:04.4097Z [May,27.271,84.847,101670,175,3,14,113728
2023-137T12:09:04.4957Z [May,27.224,84.347,179929,67,4,24,113728
2023-137T12:09:05.4514Z [May,27.363,84.550,104231,217,6,9,113728
2023-137T12:09:05.5374Z [May,27.161,85.319,91791,344,8,13,113728
2023-137T12:09:05.8188Z [May,27.126,85.096,235999,123,7,22,113728
2023-137T12:09:06.1283Z [May,27.260,85.636,40824,103,5,8,113728
2023-137T12:09:06.2950Z [May,27.482,84.592,150387,399,11,24,113728
2023-137T12:09:06.6548Z [May,27.330,84.374,347529,435,17,35,113728
2023-137T12:09:07.2206Z [May,27.706,84.646,49379,447,5,7,113728
2023-137T12:09:07.4679Z [May,27.165,85.070,262380,286,11,25,113728
2023-137T12:09:07.6055Z [May,27.055,85.189,97022,118,3,12,113728
2023-137T12:09:08.4648Z [May,27.458,84.520,488043,208,8,24,113728
2023-137T12:09:09.1527Z [May,27.293,85.592,93465,109,6,12,113728
2023-137T12:09:09.2829Z [May,27.531,84.471,1106408,840,33,93,113728
2023-137T12:09:09.3351Z [May,27.329,85.321,5889756,1552,92,363,113728
2023-137T12:09:09.6160Z [May,27.385,84.384,94567,360,5,11,113728
2023-137T12:09:09.6341Z [May,27.414,84.547,63161,164,3,7,113728
2023-137T12:09:10.0170Z [May,27.244,84.316,71193,103,3,10,113728
2023-137T12:09:10.5902Z [May,27.144,85.140,99317,313,6,10,113728
2023-137T12:09:11.0610Z [May,27.382,84.529,144687,89,7,11,113728
2023-137T12:09:11.1987Z [May,27.303,84.857,163500,200,8,30,113728
2023-137T12:09:11.4585Z [May,27.239,85.608,44428,30,3,6,113728
2023-137T12:09:11.5088Z [May,27.383,84.307,142495,307,7,13,113728
2023-137T12:09:11.8615Z [May,27.033,85.158,58895,37,3,9,113728
2023-137T12:09:11.9078Z [May,27.869,84.835,35400,30,3,4,113728
2023-137T12:09:12.1691Z [May,27.543,84.576,207662,384,7,20,113728
2023-137T12:09:12.2605Z [May,27.700,84.676,116724,204,9,18,113728
2023-137T12:09:12.4183Z [May,27.241,85.417,81567,277,6,11,113728
2023-137T12:09:12.6062Z [May,27.454,84.516,323905,493,16,38,113728
2023-137T12:09:12.6329Z [May,27.178,85.304,191787,318,11,24,113728
2023-137T12:09:13.6157Z [May,27.746,84.636,48654,75,4,8,113728
2023-137T12:09:13.9112Z [May,27.786,84.538,278366,417,18,39,113728
2023-137T12:09:14.0831Z [May,27.279,85.645,148682,257,8,17,113728
2023-137T12:09:14.2137Z [May,27.431,84.585,190653,338,12,19,113728
2023-137T12:09:14.7332Z [May,27.176,85.120,132277,408,7,18,113728
2023-137T12:09:15.2202Z [May,27.252,84.848,136055,90,2,13,113728
2023-137T12:09:15.4528Z [May,27.259,84.306,127053,123,4,13,113728
2023-137T12:09:16.4539Z [May,27.272,85.393,456457,529,14,33,113728
2023-137T12:09:16.7403Z [May,27.522,84.436,320591,542,18,49,113728
2023-137T12:09:16.8961Z [May,27.247,84.356,83706,201,4,9,113728
2023-137T12:09:16.9247Z [May,27.386,84.446,163319,166,8,19,113728
2023-137T12:09:16.9946Z [May,27.280,85.567,171838,250,6,13,113728
2023-137T12:09:17.0533Z [May,27.448,84.526,266678,576,12,26,113728
2023-137T12:09:17.4865Z [May,27.588,84.366,28486,0,1,3,113728
2023-137T12:09:17.5940Z [May,27.407,84.354,43811,159,3,6,113728
2023-137T12:09:17.6066Z [May,27.314,84.403,108070,234,4,9,113728
2023-137T12:09:17.6101Z [May,27.151,85.373,243805,315,15,29,113728
2023-137T12:09:17.7267Z [May,27.322,84.368,63957,173,6,10,113728
2023-137T12:09:17.7447Z [May,27.597,84.294,2858626,613,61,214,113728
2023-137T12:09:18.7919Z [May,27.414,84.563,82472,43,4,10,113728
2023-137T12:09:19.4864Z [May,27.126,85.132,222145,234,9,21,113728
2023-137T12:09:19.4864Z [May,27.231,85.572,1882978,810,45,152,113728
2023-137T12:09:20.2249Z [May,27.434,84.517,71724,102,3,10,113728
2023-137T12:09:20.6390Z [May,27.132,85.284,800995,564,22,65,113728
2023-137T12:09:20.8435Z [May,27.652,84.684,77105,25,2,7,113728
2023-137T12:09:22.0988Z [May,27.351,84.560,66069,109,4,7,113728
2023-137T12:09:22.2275Z [May,27.533,84.599,583257,326,16,59,113728
2023-137T12:09:22.2616Z [May,27.700,84.653,124872,184,9,16,113728
2023-137T12:09:22.9581Z [May,27.178,85.313,179516,283,13,21,113728
2023-137T12:09:22.9993Z [May,27.117,85.174,149078,281,6,14,113728
2023-137T12:09:23.2168Z [May,27.281,85.637,169589,318,6,16,113728
2023-137T12:09:24.1585Z [May,27.745,84.838,273390,530,16,35,113728
2023-137T12:09:24.1872Z [May,27.457,84.496,272375,159,11,23,113728
2023-137T12:09:24.5218Z [May,27.132,85.132,215043,499,10,22,113728
2023-137T12:09:24.5274Z [May,27.639,84.510,101642,286,8,14,113728
2023-137T12:09:24.6223Z [May,27.431,84.556,26365,0,1,3,113728
2023-137T12:09:24.8445Z [May,27.368,84.326,147749,370,7,16,113728
2023-137T12:09:25.4118Z [May,27.015,85.171,115500,0,1,12,113728
2023-137T12:09:25.4922Z [May,27.529,84.567,38651,106,4,6,113728
2023-137T12:09:25.7002Z [May,27.218,84.323,153598,71,6,22,113728
2023-137T12:09:25.7520Z [May,27.383,84.545,26539,64,2,3,113728
2023-137T12:09:25.9525Z [May,27.323,84.971,725027,440,22,70,113728
2023-137T12:09:28.1046Z [May,27.295,84.410,177072,92,7,18,113728
2023-137T12:09:28.1795Z [May,27.502,84.475,615486,127,9,36,113728
2023-137T12:09:28.2192Z [May,27.361,84.566,52748,182,4,8,113728
2023-137T12:09:28.9765Z [May,27.437,84.531,34812,0,1,3,113728
2023-137T12:09:29.1001Z [May,27.093,85.131,423674,513,17,47,113728
2023-137T12:09:29.4256Z [May,27.742,85.031,751629,651,27,118,113728
2023-137T12:09:29.7357Z [May,27.222,85.428,84319,3,3,9,113728
2023-137T12:09:29.9829Z [May,27.556,84.371,170999,322,6,19,113728
2023-137T12:09:30.1206Z [May,27.274,84.170,13950,0,1,1,113728
2023-137T12:09:30.2226Z [May,27.227,84.321,128816,51,6,20,113728
2023-137T12:09:30.2834Z [May,27.302,84.864,44174,62,2,6,113728
2023-137T12:09:30.2980Z [May,27.337,84.383,82818,46,3,9,113728
2023-137T12:09:30.5075Z [May,27.405,84.512,103460,215,5,10,113728
2023-137T12:09:30.8763Z [May,27.288,85.662,247624,443,16,35,113728
2023-137T12:09:31.0788Z [May,27.402,84.377,78175,33,2,9,113728
2023-137T12:09:31.2843Z [May,27.176,85.297,237421,381,9,32,113728
2023-137T12:09:31.4527Z [May,27.520,84.597,265883,372,12,36,113728
2023-137T12:09:31.6713Z [May,27.184,85.105,125870,21,2,10,113728
2023-137T12:09:31.9165Z [May,27.305,84.954,68352,113,6,11,113728
2023-137T12:09:32.0582Z [May,27.860,84.855,59704,1,2,6,113728
2023-137T12:09:32.2406Z [May,27.715,84.655,284506,506,13,31,113728
2023-137T12:09:33.5440Z [May,27.218,84.333,45679,0,1,5,113728
2023-137T12:09:33.5852Z [May,27.325,84.834,65955,19,3,10,113728
2023-137T12:09:33.6440Z [May,27.226,85.433,61198,120,3,8,113728
2023-137T12:09:33.7390Z [May,27.115,85.084,175452,78,4,13,113728
2023-137T12:09:33.8983Z [May,27.419,84.568,1637083,750,39,107,113728
2023-137T12:09:34.0149Z [May,27.046,85.148,83429,0,1,6,113728
2023-137T12:09:34.5933Z [May,27.113,85.191,68004,340,7,11,113728
2023-137T12:09:35.8233Z [May,27.302,84.345,135307,381,13,22,113728
2023-137T12:09:35.9500Z [May,27.123,85.127,109585,288,12,15,113728
2023-137T12:09:36.0862Z [May,27.440,84.463,251420,379,14,26,113728
2023-137T12:09:36.2690Z [May,27.262,85.620,533279,275,18,55,113728
2023-137T12:09:36.3369Z [May,27.151,85.360,89527,291,6,14,113728
2023-137T12:09:36.9942Z [May,27.253,85.401,84344,277,5,12,113728
2023-137T12:09:37.4364Z [May,27.375,84.346,52612,152,4,8,113728
2023-137T12:09:37.5796Z [May,27.530,84.562,1089855,972,34,97,113728
2023-137T12:09:37.9499Z [May,27.170,85.145,499886,297,4,20,113728
2023-137T12:09:38.1881Z [May,27.383,84.530,42015,94,6,8,113728
2023-137T12:09:38.2614Z [May,27.712,84.637,40093,542,5,8,113728
2023-137T12:09:38.8147Z [May,27.238,85.431,43664,73,3,6,113728
2023-137T12:09:39.0835Z [May,27.147,85.052,192855,173,6,17,113728
2023-137T12:09:39.5829Z [May,27.404,84.497,34560,3,2,4,113728
2023-137T12:09:39.8387Z [May,27.315,84.532,467361,386,32,64,113728
2023-137T12:09:39.9588Z [May,27.174,85.307,103407,326,6,14,113728
2023-137T12:09:40.0608Z [May,27.501,84.470,326707,388,10,28,113728
2023-137T12:09:40.1040Z [May,27.413,84.578,72902,438,9,11,113728
2023-137T12:09:40.2382Z [May,27.303,84.842,32605,182,2,4,113728
2023-137T12:09:40.4674Z [May,27.047,85.152,54974,114,6,9,113728
2023-137T12:09:41.1568Z [May,27.665,84.469,70243,345,8,13,113728
2023-137T12:09:41.3467Z [May,27.600,84.359,358820,440,17,50,113728
2023-137T12:09:41.6703Z [May,27.059,85.196,49491,141,3,8,113728
2023-137T12:09:41.7080Z [May,27.302,85.615,551914,560,25,56,113728
2023-137T12:09:41.7799Z [May,27.334,85.496,10847816,2184,181,850,113728
2023-137T12:09:41.9407Z [May,27.301,85.445,289205,4,3,22,113728
2023-137T12:09:42.2346Z [May,27.674,84.864,62020,123,3,7,113728
2023-137T12:09:42.4245Z [May,27.416,84.555,94013,53,3,8,113728
2023-137T12:09:42.4491Z [May,27.528,84.584,145202,186,6,17,113728
2023-137T12:09:43.4430Z [May,27.246,85.403,36721,92,2,4,113728
2023-137T12:09:43.5666Z [May,27.111,85.136,393424,357,6,24,113728
2023-137T12:09:43.8385Z [May,27.695,84.673,177288,259,14,28,113728
2023-137T12:09:45.8027Z [May,27.267,85.621,610838,594,15,57,113728
2023-137T12:09:45.8223Z [May,27.139,85.089,662457,420,15,49,113728
2023-137T12:09:46.1198Z [May,27.860,84.842,33944,289,4,7,113728
2023-137T12:09:46.1982Z [May,27.122,85.278,126509,202,9,21,113728
2023-137T12:09:47.8369Z [May,27.041,85.217,109554,169,2,8,113728
2023-137T12:09:48.4203Z [May,27.188,85.300,189052,248,9,23,113728
2023-137T12:09:49.1042Z [May,27.276,85.402,801149,657,21,58,113728
2023-137T12:09:49.9424Z [May,27.328,84.319,38284,85,4,6,113728
2023-137T12:09:50.1178Z [May,27.418,85.711,13916753,2648,229,1040,113728
2023-137T12:09:50.6412Z [May,27.069,85.147,79184,295,5,11,113728
2023-137T12:09:50.8094Z [May,27.230,84.313,72222,171,3,8,113728
2023-137T12:09:51.7135Z [May,27.223,85.422,73731,84,4,8,113728
2023-137T12:09:51.8280Z [May,27.577,85.656,9149776,944,76,537,113728
2023-137T12:09:52.3490Z [May,27.663,85.663,5893533,1099,32,307,113728
2023-137T12:09:52.4027Z [May,27.650,85.539,1061795,760,13,77,113728
2023-137T12:09:52.4333Z [May,27.588,85.548,629572,723,12,47,113728
2023-137T12:09:53.1438Z [May,27.532,85.693,214671,17,2,18,113728
2023-137T12:09:53.1941Z [May,27.380,84.486,139914,420,10,18,113728
2023-137T12:09:53.6884Z [May,27.248,84.371,75380,166,4,10,113728
2023-137T12:09:53.9532Z [May,27.237,85.330,198170,250,11,24,113728
2023-137T12:09:54.5527Z [May,27.241,85.600,361218,179,9,32,113728
2023-137T12:09:55.3120Z [May,27.074,85.150,43311,250,3,5,113728
2023-137T12:09:55.6557Z [May,27.421,84.565,175653,270,6,13,113728
2023-137T12:09:56.9271Z [May,27.477,84.468,169345,390,10,19,113728
2023-137T12:09:57.1115Z [May,27.387,84.305,87560,139,6,10,113728
2023-137T12:09:57.3316Z [May,27.390,84.529,276074,551,10,27,113728
2023-137T12:09:57.9707Z [May,27.308,84.882,191388,245,11,28,113728
2023-137T12:09:59.6250Z [May,27.285,85.623,260064,406,8,21,113728
2023-137T12:10:00.2180Z [May,27.586,84.524,135616,118,5,14,113728
2023-137T12:10:14.6944Z [May,27.160,85.312,83056,257,5,9,113728
2023-137T12:10:15.3477Z [May,27.227,85.420,741728,784,27,66,113728
2023-137T12:10:16.4241Z [May,27.291,85.628,114042,205,6,11,113728
2023-137T12:10:18.8947Z [May,27.227,85.348,46875,85,3,7,113728
2023-137T12:10:20.3107Z [May,27.257,85.548,242890,555,21,41,113728
2023-137T12:10:20.6384Z [May,27.295,85.645,286786,249,12,30,113728
2023-137T12:10:20.7459Z [May,27.268,84.851,131479,75,6,16,113728
2023-137T12:10:21.3454Z [May,27.147,85.317,71487,410,7,11,113728
2023-137T12:10:23.6660Z [May,27.235,85.435,45487,225,5,7,113728
2023-137T12:10:24.4698Z [May,27.464,84.536,191029,338,7,15,113728
2023-137T12:10:24.8030Z [May,27.369,85.119,1242881,1104,46,130,113728
2023-137T12:10:25.4709Z [May,27.309,84.879,51846,118,4,9,113728
2023-137T12:10:25.5869Z [May,27.281,84.324,58661,123,3,6,113728
2023-137T12:10:26.4195Z [May,27.396,84.534,46070,232,2,6,113728
2023-137T12:10:29.5602Z [May,27.241,85.637,63075,155,7,9,113728
2023-137T12:10:29.8250Z [May,27.104,85.206,39702,239,5,6,113728
2023-137T12:10:30.2190Z [May,27.597,84.647,18123,0,1,2,113728
2023-137T12:10:30.3299Z [May,27.395,84.551,54004,189,4,7,113728
2023-137T12:10:31.6103Z [May,27.103,85.258,17989,0,1,2,113728
2023-137T12:10:32.0771Z [May,27.274,85.618,58848,123,5,8,113728
2023-137T12:10:32.5605Z [May,27.404,84.472,48327,361,5,6,113728
2023-137T12:10:33.1710Z [May,27.691,84.637,139134,283,5,11,113728
2023-137T12:10:34.3172Z [May,27.212,85.388,31649,0,1,3,113728
2023-137T12:10:35.1890Z [May,27.475,84.540,126026,62,3,6,113728
2023-137T12:10:35.2749Z [May,27.134,85.300,47672,162,2,7,113728
2023-137T12:10:38.6838Z [May,27.262,85.567,67936,102,3,7,113728
2023-137T12:10:39.9455Z [May,27.271,85.625,109581,223,3,9,113728
2023-140T11:20:13.9399Z [May,27.863,84.400,80228,150,6,11,104753
2023-140T11:20:14.5218Z [May,28.027,84.075,110492,404,6,11,104753
2023-140T11:20:14.9263Z [May,27.959,84.394,232900,265,12,28,104753
2023-140T11:20:15.2448Z [May,27.853,84.464,132196,93,2,13,104753
2023-140T11:20:16.5111Z [May,27.994,84.484,439050,465,17,39,104753
2023-140T11:20:16.7076Z [May,27.911,84.374,112401,70,5,11,104753
2023-140T11:20:18.2099Z [May,27.959,84.118,56714,155,6,10,104753
2023-140T11:20:18.6989Z [May,27.868,84.416,77134,218,5,12,104753
2023-140T11:20:18.6989Z [May,27.827,84.376,97106,60,3,13,104753
2023-140T11:20:19.2341Z [May,28.029,84.141,60362,214,4,7,104753
2023-140T11:20:19.4004Z [May,28.098,84.008,203112,130,6,32,104753
2023-140T11:20:19.5240Z [May,27.931,84.369,290158,302,12,29,104753
2023-140T11:20:20.3692Z [May,28.108,84.363,30116,107,4,6,104753
2023-140T11:20:20.8471Z [May,28.063,84.436,3169026,1507,66,279,104753
2023-140T11:20:21.5686Z [May,27.901,84.469,129769,238,9,16,104753
2023-140T11:20:22.6465Z [May,27.674,85.622,42003,21,2,6,104753
2023-140T11:20:23.6490Z [May,27.919,84.375,685206,329,16,50,104753
2023-140T11:20:25.1905Z [May,27.947,84.453,419171,202,9,21,104753
2023-140T11:20:25.9785Z [May,27.841,84.404,170464,238,5,19,104753
2023-140T11:20:27.0473Z [May,27.923,84.367,75602,207,5,10,104753
2023-140T11:20:30.0808Z [May,27.915,84.434,5753,0,1,1,104753
2023-140T11:20:30.6396Z [May,27.888,84.537,9936,7,2,2,104753
2023-140T11:20:30.7310Z [May,28.001,84.140,41135,92,4,6,104753
2023-140T11:20:30.7597Z [May,27.939,84.342,1135966,662,29,96,104753
2023-140T11:20:30.8758Z [May,28.039,84.038,124896,145,4,12,104753
2023-140T11:20:31.3165Z [May,28.073,84.323,482980,560,21,62,104753
2023-140T11:20:32.0576Z [May,27.964,84.466,161315,87,3,9,104753
2023-140T11:20:32.4962Z [May,27.902,84.356,41880,1,2,3,104753
2023-140T11:20:32.7952Z [May,27.673,85.580,420056,189,6,30,104753
2023-140T11:20:33.1857Z [May,27.845,84.406,401689,306,12,41,104753
2023-140T11:20:34.6409Z [May,27.934,84.401,154001,487,12,19,104753
2023-140T11:20:34.6806Z [May,27.999,84.194,125051,241,4,9,104753
2023-140T11:20:34.7701Z [May,28.032,84.016,446931,397,15,42,104753
2023-140T11:20:37.5809Z [May,28.057,84.155,410064,265,12,33,104753
2023-140T11:20:37.9372Z [May,27.956,84.373,404144,426,15,29,104753
2023-140T11:20:38.1935Z [May,27.709,85.590,77731,71,3,10,104753
2023-140T11:20:38.6643Z [May,28.063,84.053,126102,100,8,16,104753
2023-140T11:20:41.0848Z [May,27.938,84.577,1016627,161,13,72,104753
2023-140T11:20:41.6270Z [May,28.031,84.016,93375,164,2,8,104753
2023-140T11:20:42.0783Z [May,27.927,84.406,297783,442,13,28,104753
2023-140T11:20:42.1591Z [May,27.845,84.377,310773,2,2,19,104753
2023-140T11:20:44.0962Z [May,28.143,84.325,505922,526,20,56,104753
2023-140T11:20:45.4659Z [May,27.907,84.366,232012,182,9,24,104753
2023-140T11:20:46.1820Z [May,28.088,84.331,119083,46,5,14,104753
2023-140T11:20:46.3288Z [May,27.931,84.132,36200,62,2,2,104753
2023-140T11:20:46.5690Z [May,28.032,84.422,1556524,1084,49,146,104753
2023-140T11:20:46.8052Z [May,27.937,84.455,115334,76,2,6,104753
2023-140T11:20:48.1050Z [May,28.067,84.097,336330,250,13,35,104753
2023-140T11:20:49.5141Z [May,27.921,84.388,308565,324,12,25,104753
2023-140T11:20:49.8256Z [May,27.739,85.621,131549,34,3,16,104753
2023-140T11:20:50.0819Z [May,27.875,84.506,88763,227,5,12,104753
2023-140T11:20:50.5562Z [May,27.980,84.477,228162,65,6,15,104753
2023-140T11:20:51.5069Z [May,27.882,84.432,129030,155,6,13,104753
2023-140T11:20:51.6018Z [May,27.961,85.094,411612,200,12,42,104753
2023-140T11:20:52.6169Z [May,27.756,85.583,149138,112,2,15,104753
2023-140T11:20:53.1667Z [May,27.907,84.386,217699,313,10,23,104753
2023-140T11:20:54.3480Z [May,27.882,84.464,128202,326,9,15,104753
2023-140T11:20:55.7284Z [May,27.933,84.399,41149,89,2,4,104753
2023-140T11:20:55.7912Z [May,27.950,84.132,57996,206,3,6,104753
2023-140T11:20:56.5062Z [May,27.933,84.379,59744,62,5,9,104753
2023-140T11:20:56.6067Z [May,27.934,84.500,47798,58,3,6,104753
2023-140T11:20:57.2513Z [May,28.105,84.384,113057,83,5,12,104753
2023-140T11:20:57.6684Z [May,28.001,84.018,48850,154,5,6,104753
2023-140T11:20:58.6638Z [May,27.955,84.469,676012,243,8,28,104753
2023-140T11:20:58.9216Z [May,28.010,84.107,865435,757,30,74,104753
2023-140T11:21:00.5954Z [May,27.919,84.387,152413,317,6,12,104753
2023-140T11:21:01.0683Z [May,28.081,84.272,579188,288,7,37,104753
2023-140T11:21:02.1803Z [May,27.833,84.393,124602,78,2,14,104753
2023-140T11:21:02.3251Z [May,27.997,84.388,331999,393,6,22,104753
2023-140T11:21:02.9105Z [May,28.085,84.350,47749,36,3,8,104753
2023-140T11:21:03.5692Z [May,27.899,84.460,162616,331,9,16,104753
2023-140T11:21:05.3600Z [May,28.051,84.081,23111,0,1,2,104753
2023-140T11:21:06.1173Z [May,27.857,84.398,114736,153,5,10,104753
2023-140T11:21:06.7565Z [May,27.972,84.048,69757,73,3,7,104753
2023-140T11:21:07.4419Z [May,27.706,85.622,48702,78,5,7,104753
2023-140T11:21:07.7786Z [May,27.904,84.362,27780,0,1,2,104753
2023-140T11:21:08.3318Z [May,27.857,84.466,59337,465,6,11,104753
2023-140T11:21:08.7112Z [May,28.041,84.046,51972,113,2,6,104753
2023-140T11:21:08.7650Z [May,27.919,84.143,408756,152,9,31,104753
2023-140T11:21:09.3487Z [May,27.916,84.410,902730,428,15,50,104753
2023-140T11:21:09.8663Z [May,27.733,85.626,21893,0,1,2,104753
2023-140T11:21:11.8894Z [May,27.966,84.476,275612,275,9,24,104753
2023-140T11:21:13.1517Z [May,27.886,84.593,1370651,574,18,72,104753
2023-140T11:21:13.9753Z [May,27.912,84.460,197145,132,10,16,104753
2023-140T11:21:13.9879Z [May,27.943,84.400,452020,535,17,47,104753
2023-140T11:21:14.3692Z [May,28.009,84.023,37606,0,1,3,104753
2023-140T11:21:16.7344Z [May,27.899,84.448,201853,286,7,16,104753
2023-140T11:21:17.8696Z [May,28.013,84.092,40291,14,3,6,104753
2023-140T11:21:18.5473Z [May,28.077,84.315,209079,187,7,18,104753
2023-140T11:21:18.8463Z [May,28.041,84.032,28869,1,2,2,104753
2023-140T11:21:19.8272Z [May,28.004,84.406,706029,579,30,70,104753
2023-140T11:21:20.0915Z [May,27.691,85.619,85250,167,5,10,104753
2023-140T11:21:20.9201Z [May,27.993,84.155,869154,707,22,53,104753
2023-140T11:21:21.6256Z [May,28.007,84.014,83812,30,3,5,104753
2023-140T11:21:22.3492Z [May,27.923,84.406,336338,282,11,29,104753
2023-140T11:21:22.3779Z [May,27.828,84.421,122506,74,3,10,104753
2023-140T11:21:23.9502Z [May,27.899,84.365,141613,85,3,9,104753
2023-140T11:21:24.9837Z [May,27.924,84.473,83083,0,1,4,104753
2023-140T11:21:25.9058Z [May,28.029,84.043,27007,0,1,2,104753
2023-140T11:21:26.0043Z [May,27.904,84.455,90221,194,8,12,104753
2023-140T11:21:26.9440Z [May,27.921,84.092,39697,134,4,6,104753
2023-140T11:21:27.0300Z [May,27.960,84.433,57112,0,1,3,104753
2023-140T11:21:27.4881Z [May,27.920,84.415,142251,384,11,18,104753
2023-140T11:21:28.7595Z [May,28.046,84.060,25021,0,1,2,104753
2023-140T11:21:29.1966Z [May,27.871,84.469,37430,130,3,3,104753
2023-140T11:21:30.6663Z [May,27.916,84.375,76256,299,6,9,104753
2023-140T11:21:31.3503Z [May,27.952,84.451,603519,359,10,28,104753
2023-140T11:21:31.9860Z [May,27.947,85.055,275564,277,8,21,104753
2023-140T11:21:33.0638Z [May,28.088,84.048,218857,146,6,19,104753
2023-140T11:21:33.5521Z [May,27.989,84.390,97602,134,7,14,104753
2023-140T11:21:34.4386Z [May,27.888,84.522,143397,180,5,14,104753
2023-140T11:21:34.4476Z [May,27.918,84.374,138483,386,15,18,104753
2023-140T11:21:36.2575Z [May,27.906,84.448,121831,277,9,11,104753
2023-140T11:21:36.4279Z [May,27.884,84.362,49858,0,1,3,104753
2023-140T11:21:36.8630Z [May,27.853,85.306,64036,32,2,5,104753
2023-140T11:21:37.3213Z [May,28.003,84.143,131914,248,9,12,104753
2023-140T11:21:41.1026Z [May,28.079,84.254,159198,213,5,17,104753
2023-140T11:21:41.2383Z [May,27.920,84.404,211104,428,11,21,104753
2023-140T11:21:41.5805Z [May,28.121,84.377,111465,146,6,14,104753
2023-140T11:21:42.4291Z [May,28.027,84.042,148764,220,7,13,104753
2023-140T11:21:42.8015Z [May,27.893,84.365,64364,209,7,7,104753
2023-140T11:21:45.6159Z [May,28.035,84.091,68033,0,1,4,104753
2023-140T11:21:46.0330Z [May,27.671,85.599,93500,152,4,8,104753
2023-140T11:21:46.0923Z [May,27.888,84.402,148046,723,7,16,104753
2023-140T11:21:51.6523Z [May,27.700,85.624,36363,0,1,3,104753
2023-141T10:31:41.3061Z [May,26.967,84.734,17877,25,2,2,100029
2023-141T10:31:48.0862Z [May,26.897,84.677,66397,30,2,7,100029
2023-141T10:31:52.1091Z [May,26.946,84.732,31800,132,4,6,100029
2023-141T10:31:57.9646Z [May,27.344,85.289,200956,123,3,17,100029
2023-141T10:31:59.2143Z [May,27.329,85.374,237051,193,9,20,100029
2023-141T10:32:03.2266Z [May,26.917,84.742,67072,19,2,5,100029
2023-141T10:32:04.4080Z [May,27.301,85.360,213803,745,18,31,100029
2023-141T10:32:09.3962Z [May,27.322,85.320,389904,139,8,30,100029
2023-141T10:32:10.5403Z [May,27.312,85.375,278523,162,11,31,100029
2023-141T10:32:11.4730Z [May,28.058,85.113,145190,39,4,12,100029
2023-141T10:32:14.5150Z [May,27.318,85.358,61216,0,1,4,100029
2023-141T10:32:19.0696Z [May,27.302,85.387,255737,322,13,29,100029
2023-141T10:32:24.7642Z [May,27.288,85.361,61630,10,2,6,100029
2023-141T10:32:26.9736Z [May,27.340,85.361,169311,205,5,16,100029
2023-141T10:32:27.8485Z [May,26.913,84.785,346223,524,19,39,100029
2023-141T10:32:30.6830Z [May,27.300,85.378,55267,198,6,6,100029
2023-141T10:32:33.4311Z [May,27.328,85.329,19850,55,2,2,100029
2023-141T10:32:35.9129Z [May,27.275,85.388,200437,152,4,15,100029
2023-141T10:32:38.7902Z [May,27.334,85.312,149425,202,7,16,100029
2023-141T10:32:43.7859Z [May,27.303,85.397,330588,578,11,28,100029
2023-141T10:32:46.5631Z [May,27.379,85.400,159035,112,4,11,100029
2023-141T10:32:49.6800Z [May,27.297,85.383,38207,2,2,4,100029
2023-141T10:32:52.2955Z [May,27.326,85.312,47486,127,2,5,100029
2023-141T10:32:55.7546Z [May,27.286,85.359,73550,100,2,6,100029
2023-141T10:33:00.7910Z [May,27.291,85.393,122707,265,9,14,100029
2023-141T10:33:08.8094Z [May,27.344,85.382,55924,21,2,5,100029
2023-141T10:33:12.0574Z [May,27.286,85.392,89673,184,3,7,100029
2023-141T10:33:17.8171Z [May,27.313,85.308,118078,39,2,9,100029
2023-141T10:33:20.8445Z [May,27.285,85.373,59490,211,5,6,100029
2023-141T10:33:32.4988Z [May,27.294,85.342,10810,0,1,1,100029
2023-145T08:54:28.3189Z [May,26.641,84.494,285684,544,7,28,82328
2023-145T08:54:30.5202Z [May,26.790,84.580,441991,388,11,34,82328
2023-145T08:54:31.3278Z [May,26.885,84.509,65931,315,3,8,82328
2023-145T08:54:31.8811Z [May,26.841,84.453,114249,417,9,17,82328
2023-145T08:54:34.2975Z [May,26.774,84.478,364178,685,16,35,82328
2023-145T08:54:35.0518Z [May,26.771,84.628,24090,0,1,2,82328
2023-145T08:54:35.7694Z [May,26.908,84.502,190567,196,8,20,82328
2023-145T08:54:35.9272Z [May,26.915,84.419,126796,486,11,18,82328
2023-145T08:54:37.0999Z [May,26.791,84.657,135632,59,4,8,82328
2023-145T08:54:41.5615Z [May,26.719,84.585,196790,284,5,13,82328
2023-145T08:54:41.5886Z [May,26.589,84.708,85307,1,2,14,82328
2023-145T08:54:41.6439Z [May,26.757,84.643,139760,295,4,9,82328
2023-145T08:54:41.7655Z [May,26.752,84.493,179920,447,5,15,82328
2023-145T08:54:41.9610Z [May,26.855,84.538,106281,370,4,10,82328
2023-145T08:54:44.5784Z [May,27.435,85.228,61090,80,5,8,82328
2023-145T08:54:46.0608Z [May,26.822,84.514,345368,488,11,32,82328
2023-145T08:54:46.2613Z [May,26.810,84.606,33490,0,1,3,82328
2023-145T08:54:47.5969Z [May,26.931,84.469,46184,248,2,4,82328
2023-145T08:54:47.9763Z [May,26.750,84.631,424963,286,9,28,82328
2023-145T08:54:47.9763Z [May,26.633,84.773,120909,7,2,17,82328
2023-145T08:54:49.2189Z [May,26.818,84.532,85711,313,8,12,82328
2023-145T08:54:49.3677Z [May,26.748,84.542,91841,402,8,12,82328
2023-145T08:54:50.6244Z [May,26.893,84.526,133071,406,8,13,82328
2023-145T08:54:50.7173Z [May,27.427,85.250,216962,172,6,18,82328
2023-145T08:54:50.8500Z [May,26.829,84.443,111885,317,6,12,82328
2023-145T08:54:51.3997Z [May,26.770,84.663,363031,295,14,30,82328
2023-145T08:54:51.4017Z [May,26.652,84.792,110542,182,3,17,82328
2023-145T08:54:51.4946Z [May,26.704,84.448,663192,859,34,66,82328
2023-145T08:54:52.1891Z [May,26.802,84.591,54033,141,2,6,82328
2023-145T08:54:54.6548Z [May,27.461,85.311,32210,162,4,6,82328
2023-145T08:54:54.6654Z [May,27.423,85.291,197286,127,5,23,82328
2023-145T08:54:54.6870Z [May,26.824,84.514,606448,750,14,37,82328
2023-145T08:54:55.1257Z [May,26.819,84.633,56091,316,4,6,82328
2023-145T08:54:56.7995Z [May,27.423,85.211,59778,145,3,5,82328
2023-145T08:54:57.0075Z [May,26.712,84.527,197205,319,9,19,82328
2023-145T08:54:57.6571Z [May,26.735,84.653,60746,0,1,4,82328
2023-145T08:54:58.8225Z [May,26.776,84.676,219945,526,15,23,82328
2023-145T08:54:58.9783Z [May,26.660,84.804,57341,329,4,10,82328
2023-145T08:54:59.8576Z [May,26.792,84.497,261436,157,7,20,82328
2023-145T08:55:02.4992Z [May,26.876,84.492,190357,542,9,21,82328
2023-145T08:55:03.8207Z [May,26.715,84.483,248159,610,11,25,82328
2023-145T08:55:04.1538Z [May,26.762,84.670,9788,0,1,1,82328
2023-145T08:55:04.2162Z [May,26.839,84.430,112949,265,8,14,82328
2023-145T08:55:04.3398Z [May,26.875,84.540,23673,109,2,2,82328
2023-145T08:55:05.9081Z [May,26.712,84.583,880076,610,14,52,82328
2023-145T08:55:05.9780Z [May,26.907,84.608,149670,324,5,10,82328
2023-145T08:55:07.7397Z [May,27.427,85.303,582291,544,12,55,82328
2023-145T08:55:07.8633Z [May,26.782,84.497,459147,571,13,43,82328
2023-145T08:55:08.7210Z [May,27.667,85.234,284206,438,11,25,82328
2023-145T08:55:08.9607Z [May,27.844,85.360,4348247,759,44,219,82328
2023-145T08:55:11.6178Z [May,26.618,84.482,178721,678,8,21,82328
2023-145T08:55:12.6705Z [May,26.750,84.384,340242,655,12,32,82328
2023-145T08:55:13.2273Z [May,26.780,84.491,249471,718,8,21,82328
2023-145T08:55:13.5443Z [May,26.744,84.669,53772,0,1,4,82328
2023-145T08:55:17.6427Z [May,26.814,84.536,707046,628,15,47,82328
2023-145T08:55:19.5687Z [May,26.727,84.651,112175,236,7,8,82328
2023-145T08:55:20.3551Z [May,26.723,84.475,331624,221,9,24,82328
2023-145T08:55:20.9421Z [May,26.737,84.515,188610,175,8,20,82328
2023-145T08:55:22.4334Z [May,26.892,84.487,104680,1,2,6,82328
2023-145T08:55:22.4977Z [May,26.823,84.541,146767,471,6,14,82328
2023-145T08:55:23.3680Z [May,26.717,84.604,100432,358,6,11,82328
2023-145T08:55:24.7896Z [May,26.795,84.594,9829,0,1,1,82328
2023-145T08:55:25.1619Z [May,27.528,85.210,139071,44,8,14,82328
2023-145T08:55:26.3669Z [May,26.858,84.531,1213230,628,21,61,82328
2023-145T08:55:26.8363Z [May,27.405,85.282,93190,46,5,15,82328
2023-145T08:55:27.0151Z [May,26.708,84.504,157983,523,8,18,82328
2023-145T08:55:27.7563Z [May,26.828,84.436,81539,408,4,9,82328
2023-145T08:55:28.3080Z [May,26.740,84.639,250951,581,9,20,82328
2023-145T08:55:28.3080Z [May,26.671,84.822,190041,561,4,27,82328
2023-145T08:55:30.1687Z [May,26.863,84.420,204237,234,8,16,82328
2023-145T08:55:30.6878Z [May,27.420,85.309,59855,392,4,9,82328
2023-145T08:55:31.9968Z [May,26.764,84.502,337964,785,17,31,82328
2023-145T08:55:33.5956Z [May,26.657,84.387,79350,241,3,6,82328
2023-145T08:55:37.1030Z [May,26.710,84.600,199926,377,11,18,82328
2023-145T08:55:39.3858Z [May,27.427,85.294,171015,206,5,15,82328
2023-145T08:55:39.5597Z [May,26.816,84.526,61545,118,5,6,82328
2023-145T08:55:41.1888Z [May,26.726,84.517,399320,633,14,36,82328
2023-145T08:55:41.4325Z [May,26.701,84.736,118524,0,1,11,82328
2023-145T08:55:41.4913Z [May,26.729,84.652,35247,0,1,3,82328
2023-145T08:55:44.7141Z [May,26.806,84.488,319318,540,14,34,82328
2023-145T08:55:45.1116Z [May,27.422,85.299,47233,7,2,6,82328
2023-145T08:55:46.7588Z [May,27.653,85.534,441856,7,3,22,82328
2023-145T08:55:48.5130Z [May,26.772,84.587,29893,224,2,3,82328
2023-145T08:55:48.5527Z [May,26.679,84.450,116545,477,6,13,82328
2023-145T08:55:52.9250Z [May,26.669,84.819,71319,75,3,11,82328
2023-145T08:55:53.0003Z [May,26.691,84.628,10220,0,1,1,82328
2023-145T08:55:53.2204Z [May,26.768,84.538,275667,531,13,26,82328
2023-145T08:55:56.4026Z [May,26.774,84.449,141409,769,6,15,82328
2023-145T08:55:57.8061Z [May,26.699,84.558,38741,173,4,4,82328
2023-145T08:55:59.0970Z [May,26.916,84.420,89801,279,5,8,82328
2023-145T08:56:02.2807Z [May,28.288,85.103,96148,116,7,9,82328
2023-145T08:56:02.3450Z [May,26.723,84.387,47222,397,4,6,82328
2023-145T08:56:03.7952Z [May,26.771,84.463,258031,343,7,18,82328
2023-145T08:56:04.6188Z [May,27.443,85.316,254676,315,15,29,82328
2023-145T08:56:04.9751Z [May,27.456,85.210,25150,5,2,2,82328
2023-145T08:56:10.6487Z [May,26.660,84.794,78146,194,3,9,82328
2023-145T08:56:11.2502Z [May,26.734,84.579,14030,0,1,1,82328
2023-158T12:59:08.6792Z [Jun,28.028,85.300,37609,113,4,5,115855
2023-159T12:11:25.6083Z [Jun,27.708,85.849,796024,470,21,66,111101
2023-164T01:31:44.2401Z [Jun,27.297,84.986,90639,178,6,14,10001
2023-164T01:31:45.2239Z [Jun,27.282,84.819,391456,288,10,33,10001
2023-164T01:32:13.8884Z [Jun,27.290,85.029,40503,73,3,6,10001
2023-166T09:40:53.2474Z [Jun,27.407,85.680,365341,381,13,41,84043
2023-166T09:41:30.0256Z [Jun,27.436,85.657,65997,5,3,9,84043
2023-166T09:42:04.0184Z [Jun,27.390,85.686,31431,209,3,7,84043
2023-167T08:52:31.5394Z [Jun,27.845,85.856,56815,270,6,6,75241
2023-167T08:52:47.4996Z [Jun,28.001,85.168,344867,352,14,27,75241
2023-167T08:53:01.7951Z [Jun,27.838,85.871,225872,232,10,17,75241
2023-170T08:02:42.8730Z [Jun,27.497,84.592,44089,85,5,7,70303
2023-170T08:03:06.1095Z [Jun,27.487,84.656,492174,331,14,42,70303
2023-170T08:03:16.6389Z [Jun,27.464,85.797,475156,320,9,44,70303
2023-170T08:03:28.8529Z [Jun,27.513,84.593,26866,39,2,3,70303
2023-170T08:03:51.2876Z [Jun,27.531,84.686,185880,59,7,14,70303
2023-170T08:04:06.2634Z [Jun,27.471,85.007,50631,104,3,6,70303
2023-170T08:04:10.2703Z [Jun,27.529,84.681,302126,279,8,24,70303
2023-170T08:04:26.7565Z [Jun,27.445,85.848,100175,146,4,14,70303
2023-173T22:14:03.8013Z [Jun,27.589,84.140,973418,968,36,115,214125
2023-173T22:14:06.2471Z [Jun,27.525,84.174,64072,213,6,12,214125
2023-173T22:14:14.4111Z [Jun,27.607,84.358,282470,838,16,30,214125
2023-173T22:14:14.7622Z [Jun,27.591,84.350,26926,0,1,3,214125
2023-173T22:14:18.8336Z [Jun,27.663,84.320,484333,447,13,41,214125
2023-173T22:14:22.5148Z [Jun,27.490,84.194,1980569,936,39,193,214125
2023-173T22:14:24.7957Z [Jun,27.565,84.084,1912665,1061,39,158,214125
2023-173T22:14:36.5159Z [Jun,27.592,84.366,1302547,315,30,109,214125
2023-173T22:14:37.1907Z [Jun,27.531,84.345,10434,0,1,2,214125
2023-173T22:14:39.7992Z [Jun,27.511,84.126,172176,565,13,26,214125
2023-173T22:14:43.7392Z [Jun,27.681,84.240,2215741,1043,39,149,214125
2023-173T22:14:44.8081Z [Jun,27.558,84.056,799916,760,16,45,214125
2023-173T22:14:47.7799Z [Jun,27.491,84.157,65198,492,5,13,214125
2023-173T22:14:54.5515Z [Jun,27.667,84.118,410831,732,23,63,214125
2023-173T22:14:59.5610Z [Jun,27.565,84.320,919359,692,18,76,214125
2023-173T22:15:03.3211Z [Jun,27.511,84.113,1124124,710,31,113,214125
2023-173T22:15:09.3334Z [Jun,27.547,84.392,841850,354,16,48,214125
2023-173T22:15:14.7333Z [Jun,27.499,84.200,35933,85,3,8,214125
2023-173T22:15:19.0588Z [Jun,27.561,84.347,628452,490,20,54,214125
2023-173T22:15:25.5043Z [Jun,27.498,84.011,811297,625,22,65,214125
2023-173T22:15:28.4821Z [Jun,27.513,84.430,107875,309,5,15,214125
2023-173T22:15:30.2936Z [Jun,27.620,84.207,924317,515,25,91,214125
2023-173T22:15:30.6499Z [Jun,27.579,84.275,54573,157,6,11,214125
2023-173T22:15:34.5729Z [Jun,27.418,84.131,87616,546,10,19,214125
2023-173T22:15:35.4915Z [Jun,27.218,85.238,41854,128,2,3,214125
2023-173T22:15:35.9442Z [Jun,27.504,84.328,147330,437,9,21,214125
2023-174T21:25:31.8252Z [Jun,28.134,84.009,214703,352,8,29,205347
2023-174T21:25:33.4829Z [Jun,27.911,84.439,47996,0,1,7,205347
2023-174T21:25:33.7317Z [Jun,27.874,84.443,34307,7,3,7,205347
2023-174T21:25:34.2885Z [Jun,27.787,84.310,100163,261,8,20,205347
2023-174T21:25:36.7361Z [Jun,27.412,85.785,8947,0,1,1,205347
2023-174T21:25:37.5758Z [Jun,27.350,85.382,53085,1,2,6,205347
2023-174T21:25:38.4943Z [Jun,27.315,85.383,2077906,637,23,147,205347
2023-174T21:25:43.0419Z [Jun,27.841,84.403,141212,243,11,30,205347
2023-174T21:25:45.8368Z [Jun,27.903,84.582,244955,649,10,38,205347
2023-174T21:25:54.7460Z [Jun,27.799,84.375,81470,325,4,17,205347
2023-174T21:25:58.8479Z [Jun,27.220,85.600,188847,266,3,43,205347
2023-174T21:26:01.9755Z [Jun,27.848,84.425,287896,152,4,21,205347
2023-174T21:26:02.4302Z [Jun,27.355,85.396,1327028,933,30,120,205347
2023-174T21:26:03.0232Z [Jun,28.017,84.622,328577,816,7,76,205347
2023-174T21:26:04.1528Z [Jun,27.950,84.671,108662,0,1,25,205347
2023-174T21:26:07.0793Z [Jun,27.291,85.543,334248,336,14,59,205347
2023-174T21:26:17.5906Z [Jun,27.377,85.662,168225,247,4,42,205347
2023-174T21:26:18.1940Z [Jun,27.378,85.652,851789,485,5,154,205347
2023-174T21:26:18.5181Z [Jun,27.798,84.398,60010,113,5,14,205347
2023-174T21:26:19.0071Z [Jun,27.756,84.312,130389,161,6,21,205347
2023-174T21:26:19.8287Z [Jun,27.899,84.460,129550,2,2,22,205347
2023-174T21:26:22.9874Z [Jun,27.300,85.379,982430,660,15,81,205347
2023-174T21:26:25.5280Z [Jun,27.330,85.878,125744,28,2,22,205347
2023-174T21:26:31.1172Z [Jun,27.800,84.170,35638,2,2,7,205347
2023-174T21:26:32.3956Z [Jun,27.239,85.803,42972,84,4,12,205347
2023-174T21:26:32.8258Z [Jun,27.239,85.775,7206,0,1,2,205347
2023-174T21:26:36.3814Z [Jun,27.335,85.233,70024,0,1,17,205347
2023-174T21:26:38.0553Z [Jun,27.255,85.549,55002,354,5,13,205347
2023-174T21:26:47.6288Z [Jun,27.312,85.383,504125,982,15,57,205347
2023-174T21:26:47.7720Z [Jun,27.275,85.360,944769,375,13,63,205347
2023-174T21:26:52.6070Z [Jun,27.514,85.573,1153245,187,4,63,205347
2023-174T21:26:56.0115Z [Jun,27.738,84.371,99755,205,6,16,205347
2023-174T21:26:57.6792Z [Jun,27.270,85.521,279760,598,13,43,205347
2023-174T21:27:10.2160Z [Jun,27.809,84.785,44412,1,2,9,205347
2023-181T18:57:20.4410Z [Jun,27.360,84.846,285247,268,7,36,182455
2023-193T14:07:39.8182Z [Jul,27.396,85.314,884048,601,24,91,133525
2023-193T14:07:41.8754Z [Jul,27.514,84.829,5556,0,1,1,133525
2023-193T14:07:43.2648Z [Jul,27.490,84.862,1989618,5,4,183,133525
2023-193T14:07:44.3818Z [Jul,27.500,84.890,1029737,43,2,72,133525
2023-193T14:08:12.1305Z [Jul,27.359,85.272,1438565,560,23,130,133525
2023-193T14:08:28.0052Z [Jul,27.291,85.418,394867,119,13,52,133525
2023-193T14:08:34.7191Z [Jul,27.401,85.147,234941,116,5,36,133525
2023-193T14:08:34.8316Z [Jul,27.342,85.128,67417,61,3,10,133525
2023-193T14:08:58.2081Z [Jul,27.619,84.954,2846970,456,16,147,133525
2023-193T22:19:52.1818Z [Jul,27.025,85.730,73681,280,9,13,211943
2023-193T22:19:52.8566Z [Jul,27.099,85.513,154000,720,15,28,211943
2023-193T22:20:14.5734Z [Jul,26.843,85.716,23180,0,1,4,211943
2023-194T13:19:32.9054Z [Jul,27.031,85.528,51969,11,3,9,124819
2023-194T13:19:36.7926Z [Jul,27.075,85.847,28741,83,3,5,124819
2023-194T13:20:46.8733Z [Jul,26.963,85.539,72709,272,5,14,124819
2023-194T13:20:57.6236Z [Jul,27.057,85.448,167326,403,11,25,124819
2023-201T10:55:38.1386Z [Jul,27.482,84.672,1296183,336,37,122,102341
2023-201T10:55:47.4779Z [Jul,27.519,84.873,136939,214,3,19,102341
2023-204T10:08:24.6362Z [Jul,28.042,84.773,591484,527,12,46,93438
2023-204T10:08:28.7084Z [Jul,28.132,84.837,113490,196,3,16,93438
2023-204T10:08:31.6480Z [Jul,27.570,84.973,193446,127,5,24,93438
2023-223T11:02:43.7262Z [Aug,27.660,84.618,101319,26,5,13,100248
2023-223T11:02:46.4081Z [Aug,27.643,84.611,19966,32,2,3,100248
2023-223T11:02:57.2642Z [Aug,27.623,84.626,72189,118,4,10,100248
2023-223T11:03:05.1222Z [Aug,27.575,84.552,20308,0,1,3,100248
2023-223T11:03:17.0232Z [Aug,27.594,84.574,82970,1,2,8,100248
2023-223T11:03:18.3567Z [Aug,27.660,84.630,208756,137,5,28,100248
2023-223T11:03:24.7172Z [Aug,27.643,84.619,73910,162,5,10,100248
2023-223T11:03:24.9428Z [Aug,27.592,84.574,186003,220,9,20,100248
2023-223T11:03:32.9797Z [Aug,27.582,84.584,273120,143,3,18,100248
2023-223T11:03:36.7111Z [Aug,27.565,84.563,196486,196,6,23,100248
2023-246T02:17:30.2439Z [Sep,28.361,84.042,52080652,562,103,1086,11647
2023-246T17:17:36.4617Z [Sep,27.834,85.291,452407,182,6,31,164505
2023-246T17:17:38.3057Z [Sep,27.982,85.285,16648,0,1,2,164505
2023-246T17:17:41.9941Z [Sep,28.003,85.090,94687,293,3,17,164505
2023-246T17:17:45.9739Z [Sep,28.012,85.404,67484,0,1,14,164505
2023-246T17:17:47.8843Z [Sep,27.544,85.864,100240,234,8,18,164505
2023-246T17:17:55.9915Z [Sep,27.972,85.261,20975,55,2,4,164505
2023-246T17:17:58.0407Z [Sep,27.962,85.214,14618,0,1,3,164505
2023-246T17:18:03.4994Z [Sep,27.987,85.244,87604,21,2,13,164505
2023-246T17:18:08.1152Z [Sep,27.973,85.224,17349,0,1,2,164505
2023-246T17:18:13.0799Z [Sep,27.820,85.329,32013,62,3,7,164505
2023-246T17:18:13.4829Z [Sep,27.821,85.315,59144,16,3,12,164505
2023-246T17:18:14.1380Z [Sep,27.966,85.213,18808,30,3,4,164505
2023-246T17:18:18.9434Z [Sep,27.969,85.237,34835,1,2,8,164505
2023-246T17:18:25.1090Z [Sep,27.959,85.226,26667,0,1,4,164505
2023-246T17:18:30.3888Z [Sep,27.955,85.219,73110,57,3,10,164505
2023-246T17:18:33.1299Z [Sep,27.972,85.254,18727,0,1,3,164505
2023-246T17:18:48.6298Z [Sep,27.961,85.222,46804,125,3,7,164505
2023-246T17:18:52.4558Z [Sep,27.819,85.400,43100,257,3,9,164505
2023-246T17:18:52.9371Z [Sep,27.734,85.647,1012032,683,17,88,164505
2023-246T17:18:56.4069Z [Sep,27.812,85.167,35988,125,4,7,164505
2023-246T17:18:56.4752Z [Sep,27.870,85.106,141093,0,1,17,164505
2023-246T17:18:57.5546Z [Sep,27.956,85.236,14361,27,2,3,164505
2023-246T17:19:08.6275Z [Sep,27.939,85.214,22572,92,2,3,164505
2023-246T17:19:18.8653Z [Sep,27.940,85.226,12799,69,2,2,164505
2023-250T00:40:11.1140Z [Sep,28.146,84.344,563697,398,13,85,233920
2023-250T00:40:12.5249Z [Sep,28.160,84.397,483553,295,7,47,233920
2023-250T00:40:11.1140Z [Sep,28.146,84.344,563697,398,13,85,233920
2023-250T00:40:12.5249Z [Sep,28.160,84.397,483553,295,7,47,233920
2023-250T15:39:57.4536Z [Sep,27.992,85.229,18574,119,2,4,150735
2023-250T15:40:00.7515Z [Sep,28.320,84.002,616814,583,36,103,150735
2023-250T15:40:14.3860Z [Sep,28.038,85.212,148814,340,7,22,150735
2023-250T15:40:34.8675Z [Sep,28.008,85.223,44457,66,4,7,150735
2023-250T15:40:34.9786Z [Sep,28.072,85.243,20832,0,1,3,150735
2023-250T15:40:38.4463Z [Sep,27.943,85.449,76518,333,5,14,150735
2023-250T15:40:38.8186Z [Sep,27.957,85.509,27226,30,3,5,150735
2023-250T15:40:56.8776Z [Sep,27.954,85.239,3379621,704,42,240,150735
2023-250T15:41:28.0958Z [Sep,27.992,85.188,86172,308,5,15,150735
2023-253T23:05:02.4977Z [Sep,27.728,84.189,211791,136,17,31,220357
2023-254T22:17:05.0039Z [Sep,27.259,85.239,9054,30,2,2,211721
2023-254T22:17:49.7828Z [Sep,27.264,85.245,61762,220,4,11,211721
2023-258T12:32:28.9049Z [Sep,28.272,84.650,55746,157,4,9,115903
2023-258T20:42:56.3866Z [Sep,27.962,84.917,1490747,752,55,166,194329
2023-258T20:43:13.5926Z [Sep,27.916,84.820,120095,182,7,20,194329
2023-261T19:56:25.5907Z [Sep,27.256,85.044,505770,2,2,20,185600
2023-261T19:56:52.0986Z [Sep,27.265,85.183,2363521,320,24,152,185600
2023-261T19:57:08.0537Z [Sep,27.233,85.107,82790,275,10,16,185600
2023-261T19:57:12.4867Z [Sep,27.274,85.122,23571,145,3,6,185600
2023-261T19:57:26.4662Z [Sep,27.226,85.108,72754,159,4,13,185600
2023-262T10:57:14.0681Z [Sep,27.205,84.070,50863,20,2,5,102447
2023-262T10:57:33.8749Z [Sep,28.123,84.076,1604431,325,8,146,102447
2023-262T10:58:11.0670Z [Sep,28.048,84.045,132948,175,4,14,102447
2023-262T19:09:23.2535Z [Sep,27.828,84.192,235375,121,4,25,180909
2023-262T19:09:35.7073Z [Sep,27.860,84.031,59888,383,7,11,180909
2023-284T11:09:49.1329Z [Oct,27.614,84.706,54860,46,2,8,100922
2023-284T11:09:53.3690Z [Oct,27.588,84.684,72084,98,5,12,100922
2023-284T11:09:59.2074Z [Oct,27.604,84.683,22820,0,1,2,100922
2023-284T11:10:22.7399Z [Oct,27.577,84.718,63520,220,5,9,100922
